show_id,director_id
1,1
3,2
1237,2
2669,2
6,3
5092,3
5253,3
5853,3
7,4
7,5
8,6
9,7
10,8
12,9
13,10
14,11
262,11
2602,11
3748,11
17,12
17,13
19,14
21,15
2425,15
23,16
24,17
1636,17
1893,17
2167,17
2580,17
24,18
1636,18
1893,18
2167,18
2580,18
25,19
27,20
3933,20
4062,20
28,21
1354,21
6304,21
8791,21
29,22
6985,22
7287,22
30,23
1122,23
5960,23
7205,23
7504,23
8543,23
31,24
4691,24
31,25
638,25
1940,25
1943,25
5652,25
31,26
4108,26
36,27
37,28
39,29
42,30
330,30
1204,30
7071,30
7072,30
7073,30
7074,30
7309,30
7958,30
8185,30
8697,30
43,31
44,32
45,33
7753,33
46,34
47,35
48,36
3153,36
49,37
175,37
3870,37
6380,37
52,38
53,38
54,38
55,38
7089,38
7090,38
7091,38
57,39
59,39
61,39
6847,39
7560,39
58,40
60,40
62,41
63,42
64,43
5835,43
65,44
69,45
69,46
69,47
72,48
74,49
199,49
5531,49
76,50
1305,50
78,51
862,51
2115,51
3226,51
3391,51
7318,51
7320,51
79,52
80,52
81,53
82,54
85,55
85,56
2253,56
87,57
3673,57
89,58
91,59
92,60
92,61
94,62
95,63
2004,63
2080,63
8794,63
97,64
102,65
186,65
5932,65
102,66
186,66
5932,66
103,67
104,68
106,69
108,70
111,71
2712,71
111,72
113,73
4520,73
114,74
3321,74
115,75
116,76
123,76
268,76
117,77
3911,77
6008,77
6075,77
7095,77
118,78
119,79
120,80
1530,80
127,81
128,82
129,83
6567,83
7936,83
130,84
139,84
934,84
1241,84
1470,84
8353,84
8442,84
131,85
132,86
6323,86
134,87
6618,87
135,88
7715,88
8040,88
136,89
333,89
8033,89
137,90
8527,90
138,91
1622,91
6799,91
140,92
360,92
2394,92
5512,92
7959,92
141,93
2112,93
3642,93
142,94
6760,94
7404,94
143,95
7691,95
144,96
6428,96
6867,96
8310,96
8414,96
145,97
163,97
3772,97
146,98
146,99
147,100
149,101
150,102
151,103
152,104
4330,104
4344,104
7864,104
152,105
153,106
156,107
8267,107
157,108
158,109
159,110
160,111
4149,111
7346,111
162,112
6447,112
8139,112
164,113
6248,113
8434,113
8435,113
165,114
167,115
7660,115
168,116
168,117
169,118
2593,118
7211,118
169,119
2593,119
7211,119
7516,119
170,120
184,120
560,120
171,121
6746,121
8391,121
172,122
173,123
174,124
176,125
6894,125
177,126
178,127
179,128
179,129
180,130
6711,130
181,131
6019,131
6165,131
6843,131
183,132
7957,132
189,133
189,134
191,135
192,136
193,137
205,137
3789,137
196,138
197,139
753,139
4066,139
200,140
201,141
202,142
202,143
1713,143
4427,143
4450,143
4572,143
203,144
8773,144
204,145
206,146
2271,146
5010,146
6441,146
6450,146
6937,146
7145,146
7387,146
7525,146
207,147
2268,147
3061,147
4455,147
4826,147
7187,147
7996,147
208,148
216,148
209,149
210,149
218,149
865,149
4441,149
5215,149
211,150
212,151
215,152
217,153
217,154
222,155
223,156
358,156
3430,156
8096,156
224,157
224,158
228,159
229,160
1360,160
6563,160
230,161
231,162
232,163
234,164
236,165
237,166
238,166
239,166
240,166
298,166
241,167
245,168
247,169
248,170
250,171
251,172
252,173
5054,173
6703,173
253,174
254,175
258,175
5008,175
5009,175
5022,175
256,176
257,177
959,177
259,178
260,179
263,180
4912,180
265,181
1880,181
4483,181
7317,181
7516,181
7518,181
269,182
2235,182
2422,182
3210,182
271,183
274,184
277,185
279,186
280,187
282,188
2919,188
283,189
2537,189
284,190
8620,190
285,191
1105,191
2214,191
3323,191
4869,191
286,192
288,193
291,194
4708,194
293,195
294,196
2833,196
3393,196
295,197
296,198
298,199
1142,199
2289,199
298,200
4430,200
4900,200
4949,200
6297,200
6299,200
8172,200
298,201
298,202
298,203
688,203
3934,203
3940,203
298,204
298,205
4189,205
298,206
1521,206
299,207
689,207
995,207
1234,207
300,208
301,209
301,210
302,211
1680,211
1941,211
5617,211
6871,211
303,212
303,213
304,214
6706,214
305,215
306,216
307,217
308,218
309,219
311,220
3622,220
315,221
7171,221
316,222
317,223
693,223
318,224
319,225
319,226
326,227
8305,227
8306,227
8516,227
327,228
328,229
8462,229
8723,229
329,230
331,231
331,232
334,233
335,234
336,235
6481,235
338,236
340,237
4137,237
340,238
4137,238
341,239
342,240
565,240
1053,240
2864,240
3710,240
343,241
569,241
344,242
345,242
346,243
347,244
7396,244
348,245
349,246
350,247
1910,247
351,248
800,248
820,248
943,248
6889,248
7092,248
7127,248
352,249
353,250
354,251
355,252
8526,252
356,253
357,254
359,255
361,256
583,256
7904,256
363,257
748,257
1897,257
364,258
366,259
372,259
368,260
373,261
691,261
374,262
375,263
376,264
378,265
379,266
381,267
384,268
4559,268
6300,268
6523,268
6531,268
8005,268
8672,268
385,269
388,270
3766,270
389,271
389,272
390,273
393,274
3894,274
5204,274
7078,274
7114,274
7198,274
7199,274
7803,274
394,275
4771,275
5360,275
5390,275
395,276
396,277
3712,277
4491,277
397,278
399,279
2822,279
403,280
406,281
6462,281
407,282
408,282
409,282
410,282
411,282
412,282
413,282
414,282
415,282
416,282
417,282
420,282
421,282
422,282
423,282
424,282
425,282
2718,282
2738,282
6298,282
6465,282
6646,282
418,283
6465,283
419,284
419,285
6463,285
6464,285
422,286
427,287
427,288
428,289
6808,289
7948,289
429,290
430,291
502,291
2886,291
433,292
433,293
433,294
434,295
437,296
438,297
439,298
440,299
440,300
440,301
440,302
440,303
442,304
480,304
551,304
444,305
5910,305
445,306
446,307
3009,307
5882,307
447,308
7921,308
448,309
449,309
450,310
451,311
1289,311
6082,311
452,312
453,313
455,314
456,315
458,316
459,317
461,318
461,319
5888,319
8152,319
462,320
463,321
3514,321
464,322
464,323
465,324
468,325
469,326
470,327
472,328
472,329
474,330
475,331
476,332
477,333
481,334
482,335
485,336
3420,336
486,337
487,338
487,339
8159,339
490,340
492,341
493,342
495,343
1255,343
8436,343
496,344
497,345
499,346
501,347
503,348
504,349
506,350
650,350
506,351
507,352
508,353
509,354
519,355
1088,355
6738,355
529,356
529,357
530,358
2355,358
2362,358
2366,358
2367,358
2368,358
2369,358
2370,358
2374,358
2376,358
2377,358
2461,358
532,359
532,360
532,361
535,362
2476,362
2559,362
542,363
543,364
552,365
2727,365
553,366
555,367
2478,367
556,368
5416,368
557,369
558,370
558,371
559,372
3338,372
5122,372
5334,372
561,373
562,374
563,374
564,374
6613,374
8638,374
567,375
1609,375
2030,375
3799,375
5227,375
6448,375
8168,375
568,376
570,377
571,378
573,379
574,380
574,381
8396,381
575,382
576,383
577,384
578,385
2801,385
579,386
7418,386
580,387
581,388
582,389
6712,389
7858,389
584,390
6716,390
8106,390
585,391
4285,391
586,392
587,393
588,394
588,395
588,396
588,397
6829,397
8266,397
588,398
590,399
592,400
1445,400
8470,400
593,401
594,402
595,403
596,404
2143,404
8111,404
8308,404
597,405
2830,405
4843,405
5284,405
7952,405
598,406
8088,406
8446,406
599,407
600,408
601,409
1596,409
7702,409
8321,409
8512,409
8803,409
602,410
603,410
604,410
7880,410
7884,410
605,411
606,412
811,412
8198,412
607,413
1176,413
608,414
8427,414
609,415
610,416
8397,416
611,417
612,418
8002,418
612,419
8002,419
613,420
614,421
3152,421
3157,421
615,422
616,423
617,424
6148,424
619,425
620,426
622,427
623,428
624,429
625,430
627,431
7546,431
630,432
631,433
633,434
634,435
635,436
636,437
637,438
7203,438
638,439
638,440
3805,440
644,441
645,442
646,443
647,444
1841,444
3347,444
651,445
652,446
653,446
655,447
656,447
657,447
3786,447
665,448
667,449
671,450
672,450
673,450
690,450
671,451
672,451
690,451
677,452
2406,452
682,453
684,454
686,455
6082,455
6487,455
694,456
6824,456
695,457
696,457
840,457
699,458
1527,458
1733,458
2050,458
4041,458
702,459
703,460
8297,460
705,461
706,462
708,463
709,464
712,465
8513,465
713,466
717,467
719,468
722,469
2177,469
2763,469
7986,469
723,470
724,471
3062,471
4009,471
4011,471
4999,471
5277,471
725,472
7017,472
8062,472
727,473
1329,473
3864,473
5832,473
6917,473
727,474
728,475
1304,475
728,476
729,477
6459,477
736,478
737,479
738,480
740,481
741,482
3584,482
5332,482
6040,482
742,483
743,484
743,485
744,486
747,486
4922,486
746,487
751,488
755,489
757,490
758,491
759,492
760,493
761,493
763,494
765,495
2047,495
766,496
8611,496
767,497
2997,497
3712,497
769,498
770,499
770,500
771,501
772,502
774,503
775,504
776,505
777,506
6344,506
6512,506
778,507
778,508
780,509
782,510
783,511
784,512
785,513
787,514
809,514
1134,514
1817,514
3042,514
3101,514
4485,514
4540,514
8626,514
8627,514
788,515
6635,515
6723,515
789,516
791,517
792,518
2708,518
3236,518
793,519
7902,519
8188,519
8230,519
794,520
5488,520
6978,520
7104,520
8220,520
795,521
797,522
798,523
799,524
801,525
802,526
803,527
8669,527
804,528
805,529
807,530
808,530
1131,530
1132,530
1133,530
1248,530
1256,530
810,531
931,531
1334,531
812,532
1582,532
2178,532
3230,532
3457,532
7492,532
813,533
7967,533
815,534
816,535
817,536
818,537
819,538
5159,538
822,539
8537,539
823,540
824,541
5329,541
825,542
827,543
4792,543
5040,543
5843,543
828,544
2514,544
829,545
830,546
832,547
832,548
833,549
835,550
837,551
839,552
841,553
842,554
845,555
846,556
2840,556
847,557
7242,557
851,558
854,559
7283,559
857,560
859,561
8795,561
860,562
861,563
864,564
1495,564
1665,564
8011,564
8075,564
8076,564
8077,564
8184,564
866,565
5114,565
5157,565
6697,565
867,566
867,567
868,568
871,569
872,570
873,571
3103,571
874,572
876,573
1031,573
1567,573
3619,573
4047,573
4071,573
4072,573
878,574
879,575
880,576
882,577
883,578
886,579
887,580
888,581
890,582
892,583
2315,583
893,584
8591,584
894,585
1055,585
1194,585
895,586
8247,586
896,587
6998,587
898,588
899,589
900,590
902,591
904,592
905,593
1268,593
906,594
907,595
996,595
2606,595
2621,595
2622,595
3403,595
3890,595
5582,595
8683,595
908,596
910,597
4183,597
911,598
912,599
914,600
915,601
916,602
917,603
918,604
918,605
920,606
923,607
925,608
6114,608
6371,608
8060,608
927,609
929,610
930,611
932,612
933,613
4523,613
5966,613
935,614
5418,614
936,615
1407,615
2583,615
936,616
2583,616
936,617
938,618
939,618
940,618
941,618
942,618
1007,618
1008,618
1009,618
1072,618
1073,618
1074,618
1075,618
1077,618
1078,618
1079,618
7514,618
944,619
5720,619
945,620
946,621
947,622
1114,622
5982,622
948,623
4096,623
5755,623
949,624
950,625
951,626
8405,626
8406,626
952,627
1502,627
3556,627
7153,627
953,628
954,629
6814,629
955,630
955,631
956,632
957,633
6451,633
6985,633
7122,633
8643,633
8783,633
960,634
961,635
3983,635
962,636
962,637
963,638
7062,638
965,639
965,640
967,641
970,642
8252,642
971,643
972,644
974,645
975,646
977,647
1954,647
2361,647
3372,647
5977,647
6530,647
7981,647
978,648
1871,648
979,649
991,649
2025,649
3428,649
6286,649
6726,649
6727,649
6728,649
980,650
981,650
980,651
982,652
996,652
6071,652
983,653
3534,653
984,654
4769,654
6111,654
985,655
1900,655
6225,655
986,656
987,656
2617,656
3521,656
7716,656
988,657
989,658
990,659
2619,659
3508,659
992,660
993,661
993,662
997,663
1000,664
1001,665
7138,665
1002,666
1003,667
1010,668
1010,669
8123,669
1014,670
1016,671
1017,672
3137,672
5588,672
1018,673
1019,674
1020,675
2127,675
2917,675
4574,675
4731,675
5015,675
1021,676
4467,676
1022,677
1022,678
1023,679
1024,680
2729,680
1024,681
1024,682
1024,683
1025,684
1027,685
1028,686
3069,686
6958,686
1030,687
1032,688
1034,689
1611,689
1625,689
1657,689
7014,689
8052,689
8053,689
1035,690
8290,690
1035,691
8290,691
1036,692
1037,693
1037,694
1038,695
1040,696
1042,697
1042,698
1043,699
1047,700
1051,701
1054,702
1056,703
7253,703
1067,704
1068,705
1070,706
1071,707
1076,708
1076,709
1076,710
1076,711
1076,712
1076,713
1076,714
4812,714
5276,714
1081,715
1084,716
1086,717
2411,717
1087,718
1089,719
1090,720
1090,721
1091,722
2475,722
6400,722
6753,722
8132,722
1097,723
1098,724
6433,724
1099,725
1100,726
1101,727
1102,728
1103,729
1104,730
1106,731
1107,732
1107,733
1108,734
1655,734
3167,734
1109,735
1110,736
1110,737
1111,738
7989,738
1112,739
1113,740
5164,740
1115,741
4508,741
4661,741
1116,742
1118,743
1119,744
1284,744
1285,744
1120,745
1121,746
1123,747
1125,748
8034,748
1127,749
1129,750
3098,750
1135,751
6911,751
1135,752
3486,752
1136,753
1137,754
1414,754
1850,754
2650,754
3974,754
4160,754
4162,754
8050,754
1137,755
1138,756
1139,757
1140,758
1715,758
1141,759
1143,760
1145,761
6172,761
8227,761
1146,762
1147,763
1148,764
1151,765
1152,766
1860,766
2132,766
1154,767
1155,768
1583,768
1156,769
1157,770
1160,771
1161,772
1163,773
1165,774
2568,774
3139,774
3549,774
3889,774
3930,774
3948,774
4884,774
1166,775
1168,776
1171,777
1172,778
1173,779
4856,779
1174,780
6080,780
1177,781
1178,782
1179,783
7192,783
1184,784
1185,785
1186,786
1188,787
1189,788
1190,789
1279,789
2322,789
3496,789
5162,789
5794,789
5817,789
6656,789
1191,790
4928,790
1192,791
3513,791
4008,791
4010,791
4154,791
5661,791
1192,792
1193,793
1195,794
2880,794
1196,795
4177,795
5165,795
1197,796
1198,797
1585,797
8342,797
1199,798
1200,799
1765,799
7649,799
7752,799
8758,799
1203,800
1205,801
1208,802
1209,803
2613,803
1210,804
1212,805
6088,805
1213,806
1215,807
1216,808
1217,809
1219,810
4795,810
1220,811
1221,812
1222,813
1223,814
1223,815
1224,816
1224,817
1229,818
1231,819
2987,819
1233,820
1235,821
1238,822
2392,822
2532,822
2533,822
1240,823
1242,824
3842,824
1243,825
6626,825
7554,825
1243,826
1244,827
3529,827
1245,828
1247,829
1249,830
8535,830
1250,831
1250,832
1251,833
1252,834
1253,835
1254,836
7492,836
7501,836
1254,837
1257,838
5469,838
1259,839
1259,840
1260,841
1261,842
1262,843
1267,843
7578,843
1264,844
6188,844
1265,845
1266,846
1681,846
2280,846
1270,847
1274,848
1277,849
1280,850
2311,850
6346,850
7800,850
1281,851
1281,852
1282,853
1287,854
1290,855
1291,856
1292,857
1293,858
3206,858
3996,858
6787,858
1294,859
1294,860
3493,860
3494,860
3517,860
1294,861
1294,862
1296,863
1298,864
1868,864
1306,865
5963,865
1308,866
1310,867
1701,867
1312,868
1313,869
1316,870
1317,871
1319,872
2926,872
1320,873
1323,874
1324,875
1325,876
1328,876
2498,876
5758,876
6066,876
1326,877
1327,878
1330,879
1331,880
1335,881
1337,882
1338,883
1341,884
1342,885
1343,886
1344,887
3515,887
3684,887
1345,888
1346,889
1347,890
1348,891
5375,891
1352,892
1358,893
3262,893
1359,894
2633,894
2861,894
3228,894
3760,894
6112,894
6827,894
6881,894
7432,894
7821,894
8273,894
8736,894
1361,895
1365,896
1613,896
1367,897
1368,898
1369,899
1370,900
1371,901
8270,901
1373,902
1375,903
1377,904
1379,905
1380,906
1382,907
1383,908
1387,909
1388,910
6541,910
1389,911
1390,912
1391,913
1392,914
5011,914
1394,915
1397,916
7214,916
1398,917
1768,917
1399,918
8079,918
1400,919
1400,920
1404,921
1406,922
1407,923
5649,923
1408,924
1410,925
1411,926
1412,927
5927,927
1413,928
1415,929
1415,930
1416,931
8652,931
1417,932
7674,932
8503,932
1418,933
1419,934
1420,935
1421,936
2836,936
1422,937
1422,938
1423,939
1427,939
4458,939
4732,939
6074,939
1424,940
1425,941
1429,942
1433,943
1434,944
1435,945
1435,946
1436,947
1437,948
1437,949
1439,950
1985,950
7273,950
1442,951
1446,952
1447,953
3986,953
1448,954
1451,955
1452,956
1453,957
1454,958
6062,958
1455,959
1457,960
8386,960
1459,961
1460,962
1462,963
1464,964
1465,965
1465,966
1468,967
1469,968
1471,969
1473,970
1475,971
1476,972
1480,973
5468,973
7700,973
1482,974
1485,975
1485,976
1486,977
8487,977
1487,978
1487,979
1489,980
1491,981
1816,981
2156,981
1492,982
3590,982
4611,982
4701,982
1494,983
1496,984
2931,984
3444,984
1497,985
1498,986
1648,986
1678,986
1683,986
1708,986
1810,986
4022,986
4069,986
4074,986
4075,986
4076,986
4077,986
8790,986
1499,987
1499,988
1500,989
6879,989
1501,990
1503,991
2170,991
1505,992
1505,993
1508,994
1510,995
1651,995
4243,995
8492,995
1511,996
1512,997
1513,998
1514,999
1516,1000
1518,1001
7588,1001
1520,1002
1522,1002
1523,1002
1521,1003
1521,1004
1521,1005
1524,1006
1525,1007
1526,1008
1531,1009
1532,1010
1533,1011
1533,1012
1534,1013
1535,1014
1568,1014
1569,1014
3573,1014
1537,1015
6434,1015
1538,1016
1541,1017
3291,1017
1542,1018
1542,1019
1543,1020
2988,1020
1545,1021
1550,1022
1551,1023
1771,1023
2571,1023
2573,1023
1557,1024
1558,1025
1559,1026
1559,1027
1561,1028
6665,1028
1562,1029
7118,1029
1564,1030
1565,1031
1566,1032
3995,1032
4021,1032
1572,1033
1576,1034
1577,1035
1581,1036
1581,1037
1581,1038
1587,1039
5503,1039
5650,1039
1588,1040
1588,1041
1588,1042
1589,1043
1592,1044
1592,1045
1593,1046
5107,1046
5527,1046
5528,1046
5529,1046
1598,1047
1599,1048
3993,1048
1600,1049
1601,1050
1602,1051
1603,1052
1605,1053
1607,1054
1610,1055
4353,1055
1614,1056
1617,1057
1618,1058
1621,1059
6809,1059
1627,1060
1630,1061
1631,1062
1632,1063
1633,1064
3545,1064
1634,1065
1637,1066
1638,1067
1643,1068
1644,1069
1645,1070
1646,1071
3363,1071
1647,1072
1649,1073
1652,1074
1653,1075
1654,1075
1656,1076
2209,1076
2764,1076
1656,1077
2209,1077
2764,1077
1658,1078
1660,1079
1661,1080
1663,1081
1664,1082
1666,1083
1667,1084
7204,1084
1670,1085
1670,1086
1672,1087
1674,1088
1679,1088
2268,1088
2421,1088
3061,1088
3590,1088
4563,1088
4826,1088
8653,1088
1675,1089
1676,1090
1677,1091
1682,1092
1684,1093
4465,1093
7394,1093
8629,1093
1686,1094
1687,1095
3219,1095
3310,1095
3953,1095
5536,1095
7179,1095
7180,1095
1690,1096
7455,1096
7524,1096
1691,1097
1691,1098
1692,1099
1696,1099
1740,1099
4391,1099
4429,1099
4558,1099
4892,1099
5116,1099
1695,1100
1695,1101
2657,1101
1700,1102
1703,1103
1704,1104
5130,1104
1705,1105
1706,1106
1707,1107
4676,1107
1710,1108
7195,1108
1711,1109
6326,1109
1714,1110
1716,1111
1721,1112
1722,1113
3568,1113
1722,1114
3568,1114
1726,1115
2148,1115
5964,1115
7479,1115
7739,1115
8228,1115
8242,1115
8298,1115
1728,1116
3591,1116
1729,1117
4397,1117
1729,1118
4397,1118
1729,1119
1730,1120
1732,1121
1734,1122
1735,1123
1736,1124
4048,1124
1737,1125
1742,1126
1743,1127
1744,1128
1745,1129
8208,1129
1748,1130
1748,1131
1750,1132
1752,1133
1753,1133
1754,1134
1762,1135
1763,1136
2837,1136
1764,1137
8293,1137
1769,1138
1772,1139
1773,1140
1775,1141
1776,1142
1777,1143
2688,1143
3412,1143
1778,1144
1781,1145
4666,1145
1784,1146
1785,1147
1786,1148
1787,1149
1788,1150
1789,1151
1790,1152
1793,1153
4182,1153
6676,1153
1794,1154
1795,1155
1795,1156
1796,1157
1867,1157
2546,1157
6247,1157
6845,1157
7802,1157
1797,1158
1798,1159
1799,1160
1801,1161
5309,1161
1801,1162
5309,1162
1802,1163
1803,1164
6951,1164
1806,1165
4517,1165
5726,1165
1806,1166
1807,1167
1808,1168
2061,1168
4078,1168
4199,1168
1809,1169
1811,1170
6692,1170
8650,1170
1812,1171
1813,1172
1815,1173
3390,1173
1818,1174
1823,1174
1827,1174
1832,1174
1819,1175
1821,1175
1822,1175
1828,1175
1820,1176
1824,1177
1825,1178
1826,1179
1830,1180
2523,1180
1831,1181
1833,1182
1834,1183
1834,1184
1836,1185
7043,1185
1837,1186
1837,1187
1839,1188
1843,1189
7480,1189
1844,1190
1845,1191
1846,1192
7022,1192
7750,1192
8582,1192
1847,1193
1851,1194
1854,1195
1854,1196
1856,1197
1856,1198
1857,1199
1858,1200
1859,1201
1942,1201
4428,1201
1862,1202
1945,1202
6605,1202
6892,1202
8125,1202
1863,1203
1864,1204
1866,1205
1870,1206
1873,1207
1875,1208
1875,1209
1877,1210
1881,1211
1882,1212
1883,1213
1884,1214
1885,1215
7742,1215
7798,1215
1887,1216
6811,1216
7749,1216
8215,1216
1887,1217
1887,1218
5597,1218
1888,1219
1889,1220
1892,1221
1898,1222
2277,1222
3914,1222
4103,1222
1899,1223
1901,1224
5709,1224
1902,1225
1903,1226
2387,1226
4014,1226
1904,1227
1905,1228
1905,1229
1906,1230
1912,1231
1913,1232
8581,1232
1914,1233
1914,1234
1917,1235
1920,1236
1921,1237
2878,1237
1922,1238
1925,1239
6527,1239
1927,1240
1928,1241
1931,1242
1932,1243
1935,1244
1938,1244
1936,1245
1937,1246
3920,1246
1939,1247
4104,1247
1944,1248
2626,1248
4727,1248
4735,1248
5136,1248
8048,1248
1946,1249
1947,1250
4737,1250
5184,1250
6589,1250
7591,1250
7838,1250
1951,1251
1958,1252
6306,1252
8455,1252
1960,1253
1961,1254
1961,1255
1963,1256
1964,1257
1965,1258
1966,1258
1967,1258
1969,1258
1970,1258
1966,1259
1967,1259
1968,1260
1971,1261
1972,1262
4582,1262
1973,1263
1975,1264
4456,1264
1976,1265
1977,1266
1978,1267
1982,1268
1983,1269
1987,1269
1986,1270
1988,1271
1993,1272
1996,1273
2139,1273
2140,1273
6098,1273
1997,1274
1998,1275
1999,1276
2000,1277
2001,1278
3479,1278
4326,1278
2002,1279
2005,1280
2006,1281
2907,1281
2008,1282
2011,1283
2012,1284
2015,1285
2016,1286
2281,1286
7792,1286
2017,1287
2018,1288
2019,1288
7266,1288
7566,1288
7745,1288
2020,1289
2021,1290
2023,1291
2024,1292
7870,1292
2026,1293
2027,1294
2028,1295
2028,1296
2029,1297
2430,1297
2624,1297
2639,1297
2031,1298
2032,1299
2034,1300
2035,1301
2036,1302
5377,1302
2037,1303
2039,1304
2039,1305
2040,1306
2042,1307
6945,1307
2044,1308
2046,1309
2049,1310
6898,1310
2051,1311
2051,1312
2052,1313
2053,1314
6848,1314
2056,1315
2057,1316
2058,1317
2060,1318
2062,1319
5270,1319
6242,1319
6244,1319
2066,1320
2068,1321
2072,1322
2073,1323
2075,1324
2076,1325
2077,1326
2077,1327
2077,1328
2078,1329
2081,1330
2082,1331
2771,1331
2082,1332
2771,1332
2083,1333
2084,1334
3512,1334
3718,1334
4662,1334
7370,1334
7947,1334
2085,1335
2868,1335
7049,1335
2088,1336
2088,1337
2089,1338
2091,1339
2092,1340
2093,1341
2095,1342
2096,1343
2101,1344
8498,1344
2104,1345
2105,1346
2108,1347
2109,1348
2111,1349
2439,1349
2631,1349
6291,1349
6769,1349
2116,1350
2117,1351
2655,1351
2883,1351
6468,1351
8557,1351
2118,1352
2120,1353
2121,1354
3126,1354
8378,1354
2122,1355
2129,1356
2130,1357
2131,1358
2133,1359
2133,1360
2138,1361
7751,1361
2142,1362
2144,1363
2541,1363
2147,1364
2150,1365
2151,1366
2155,1367
2160,1368
2162,1369
2164,1370
2165,1371
3168,1371
2168,1372
3316,1372
3318,1372
3830,1372
2172,1373
2173,1374
2180,1375
2183,1376
2184,1377
2186,1378
2186,1379
2187,1380
2188,1381
2188,1382
2189,1383
2192,1384
2194,1385
2195,1386
2196,1387
2197,1388
2198,1389
2199,1390
2200,1391
2201,1392
4997,1392
2203,1393
2205,1394
2206,1395
2207,1396
2208,1397
2208,1398
2210,1399
2211,1400
2674,1400
5347,1400
7701,1400
2212,1401
2215,1402
2216,1403
2217,1404
2220,1405
2220,1406
2221,1407
4471,1407
5842,1407
5874,1407
5875,1407
2222,1408
2222,1409
2225,1410
2229,1411
2229,1412
2232,1413
3218,1413
7449,1413
2232,1414
2233,1415
3658,1415
2234,1416
2240,1417
2882,1417
2241,1418
2243,1419
2244,1420
2245,1421
2245,1422
2246,1423
2248,1424
2249,1425
2251,1426
2252,1427
2257,1428
2258,1429
2258,1430
8389,1430
2260,1431
5899,1431
2261,1432
8502,1432
2261,1433
2262,1434
4775,1434
8731,1434
2263,1435
2263,1436
2264,1437
2265,1438
2266,1439
2267,1440
2268,1441
2731,1441
2732,1441
2735,1441
3061,1441
4826,1441
2268,1442
3061,1442
3133,1442
3144,1442
3150,1442
4826,1442
2269,1443
6203,1443
2270,1444
3037,1444
2272,1445
2273,1446
4452,1446
5600,1446
7373,1446
2274,1447
2275,1448
4801,1448
2276,1449
2278,1450
2279,1451
2282,1452
4433,1452
2283,1453
2284,1454
2285,1455
2286,1456
4601,1456
4602,1456
6108,1456
7213,1456
2286,1457
4601,1457
4602,1457
6108,1457
7213,1457
2287,1458
7806,1458
2288,1459
2736,1459
4721,1459
2290,1460
4861,1460
6064,1460
2291,1461
2292,1462
2295,1463
2296,1464
2325,1464
2482,1464
2297,1465
2301,1466
3145,1466
2303,1467
2303,1468
2305,1469
2305,1470
2308,1471
6235,1471
2309,1472
5444,1472
2310,1473
2313,1473
6983,1473
2312,1474
7517,1474
2316,1475
2317,1476
2317,1477
2318,1478
6249,1478
2320,1479
2324,1480
2382,1480
3131,1480
2326,1481
2327,1482
2337,1482
2329,1483
2331,1484
6798,1484
2333,1485
2974,1485
2334,1486
2372,1486
2339,1487
2340,1488
2341,1488
2958,1488
2970,1488
7023,1488
7388,1488
2342,1489
5784,1489
2342,1490
5784,1490
2343,1491
2345,1492
2346,1493
2348,1494
2349,1495
2388,1495
7876,1495
2351,1496
2351,1497
2352,1498
2354,1499
2357,1500
2359,1501
2364,1502
6503,1502
7731,1502
2365,1503
2365,1504
2371,1505
2373,1506
2375,1507
2378,1508
4493,1508
2380,1509
2381,1510
2383,1511
2386,1512
2390,1513
2392,1514
2532,1514
2533,1514
2393,1515
7402,1515
2398,1516
5050,1516
5061,1516
5072,1516
2399,1517
2403,1518
5147,1518
2404,1519
2408,1520
2412,1521
2413,1522
2413,1523
2414,1524
2414,1525
2415,1526
2417,1527
2419,1528
2420,1529
2424,1530
2428,1531
2429,1532
2431,1533
2432,1534
2434,1535
2436,1535
2510,1535
6156,1535
2435,1536
2437,1537
2504,1537
8482,1537
2438,1538
3160,1538
6801,1538
7886,1538
8154,1538
8193,1538
2440,1539
2513,1539
7523,1539
8089,1539
2442,1540
2443,1541
2503,1541
2444,1542
2446,1543
2447,1544
2449,1545
2452,1546
2455,1547
2456,1548
2457,1549
6054,1549
2458,1550
3546,1550
2459,1551
2464,1552
2465,1552
2466,1553
4709,1553
2468,1554
7867,1554
2469,1555
4824,1555
2470,1556
2471,1557
2472,1558
2929,1558
2472,1559
2929,1559
2479,1560
7417,1560
2479,1561
3020,1561
2479,1562
2480,1563
4129,1563
2481,1564
2481,1565
5881,1565
2481,1566
5016,1566
5017,1566
5018,1566
5881,1566
2481,1567
5016,1567
5017,1567
5018,1567
5881,1567
2481,1568
5016,1568
5017,1568
5018,1568
5881,1568
2483,1569
2484,1570
2485,1571
2486,1572
2488,1573
2489,1574
2490,1574
2491,1575
2492,1576
2493,1577
2493,1578
2494,1579
2495,1580
4891,1580
2495,1581
5860,1581
2497,1582
2499,1583
2501,1584
2502,1585
2505,1586
2511,1586
2506,1587
2507,1587
6046,1587
8461,1587
2508,1588
2850,1588
3636,1588
3777,1588
3878,1588
4315,1588
4789,1588
4852,1588
5025,1588
5128,1588
5172,1588
5316,1588
5320,1588
5519,1588
5628,1588
5725,1588
2512,1589
4038,1589
2517,1590
2521,1591
2522,1592
2528,1593
2534,1594
2535,1595
3049,1595
2536,1596
2538,1597
2539,1598
2540,1599
2542,1600
2544,1601
4829,1601
2545,1602
4798,1602
2548,1603
2550,1604
2551,1605
2554,1606
2554,1607
5715,1607
2554,1608
2554,1609
2556,1610
2557,1611
2558,1612
2560,1613
3796,1613
2561,1614
2562,1615
3623,1615
2563,1616
2564,1617
2849,1617
3065,1617
3304,1617
2565,1618
7874,1618
2566,1619
2567,1620
2572,1621
3229,1621
5587,1621
2574,1622
2577,1623
2578,1624
2579,1625
2582,1626
2585,1627
2588,1628
4729,1628
7110,1628
2590,1629
4587,1629
2592,1630
2594,1631
2595,1631
2596,1631
2812,1631
2813,1631
2815,1631
2597,1632
7580,1632
2598,1633
2603,1634
3433,1634
2604,1635
2604,1636
2605,1637
2608,1638
2689,1638
3113,1638
3116,1638
3154,1638
3179,1638
3180,1638
2611,1639
2613,1640
2614,1641
6905,1641
6906,1641
2615,1642
2615,1643
6159,1643
2616,1644
2618,1645
2620,1646
2623,1647
2625,1648
2627,1649
2630,1650
2634,1651
7928,1651
8256,1651
2635,1652
2636,1653
2637,1654
2638,1655
2643,1656
2645,1657
2647,1658
2648,1658
2651,1659
2653,1660
2654,1661
3030,1661
2656,1662
2660,1663
3442,1663
3975,1663
4084,1663
4939,1663
4951,1663
5481,1663
5836,1663
2664,1664
2668,1665
2672,1666
2673,1667
2675,1668
2676,1669
2676,1670
2678,1671
4386,1671
6058,1671
2678,1672
4386,1672
6058,1672
2679,1673
4116,1673
7155,1673
2680,1674
3592,1674
5560,1674
2681,1675
4689,1675
2682,1676
2683,1677
2684,1678
2686,1679
2687,1680
2691,1681
2694,1682
2695,1683
2695,1684
2696,1685
3647,1685
3734,1685
4804,1685
4864,1685
5087,1685
5231,1685
5623,1685
5809,1685
5818,1685
5848,1685
5876,1685
5895,1685
5900,1685
5922,1685
2697,1686
2698,1687
2701,1688
2702,1689
7263,1689
2703,1690
3732,1690
2704,1691
2705,1692
2706,1693
2707,1694
8399,1694
2710,1695
6883,1695
8147,1695
2712,1696
2713,1697
2714,1698
2715,1699
2716,1700
8630,1700
2717,1701
2720,1702
2720,1703
2721,1704
3335,1704
2722,1705
2723,1706
2726,1706
5500,1706
2724,1707
2725,1708
4728,1708
2730,1709
2733,1710
2734,1711
4566,1711
2738,1712
6174,1712
7930,1712
2738,1713
2739,1714
6961,1714
7558,1714
2742,1715
2745,1716
2745,1717
2746,1718
2748,1719
4581,1719
2750,1720
2751,1721
2753,1722
2755,1723
2756,1724
2757,1725
2758,1726
2759,1727
2761,1728
2767,1729
2769,1730
2770,1731
2770,1732
2772,1733
2774,1734
2776,1735
4053,1735
2777,1736
2779,1737
2781,1738
2782,1739
6425,1739
2782,1740
6425,1740
2783,1741
2787,1742
2790,1743
2796,1744
2796,1745
2797,1746
2799,1747
2800,1748
2800,1749
2802,1750
2804,1751
5093,1751
2806,1752
2807,1753
2810,1754
2811,1755
2814,1756
8550,1756
2816,1757
2818,1758
2820,1759
2821,1760
2823,1761
5907,1761
2824,1762
2829,1763
2831,1764
2832,1765
2834,1766
2835,1767
2838,1768
4758,1768
2841,1769
2874,1769
2843,1770
2844,1771
2846,1771
2845,1772
2845,1773
2847,1774
2848,1775
2848,1776
2851,1777
2852,1778
2853,1779
2854,1780
2857,1781
2859,1782
6406,1782
6407,1782
2860,1783
2862,1784
2863,1785
2865,1786
2866,1787
2867,1788
5603,1788
2877,1789
4224,1789
2877,1790
2878,1791
2878,1792
2878,1793
2878,1794
2879,1795
2885,1796
2887,1797
2888,1798
2890,1799
2891,1800
2896,1801
2897,1802
2955,1802
2898,1803
5168,1803
2899,1804
2900,1805
2902,1806
2904,1807
5271,1807
2905,1808
2906,1809
2908,1810
2909,1811
2910,1812
2912,1813
2912,1814
2913,1815
2914,1816
2915,1817
2916,1818
2920,1819
2920,1820
2920,1821
2924,1822
2924,1823
2925,1824
2925,1825
2930,1826
2933,1827
2934,1828
2935,1829
2936,1830
2937,1831
2940,1832
7299,1832
8394,1832
2941,1833
2944,1834
2947,1835
2947,1836
2948,1837
2949,1838
2949,1839
2950,1840
3245,1840
8177,1840
2950,1841
3245,1841
8177,1841
2951,1842
2952,1843
2953,1844
2956,1845
2957,1846
2961,1847
2962,1848
2963,1849
5660,1849
2964,1850
3627,1850
2969,1851
5855,1851
7885,1851
2971,1852
2973,1853
2976,1854
2979,1855
3621,1855
3759,1855
4815,1855
5558,1855
5577,1855
5713,1855
6311,1855
7181,1855
2982,1856
2986,1857
2988,1858
7737,1858
2989,1859
2989,1860
2990,1861
2991,1862
2996,1863
3000,1864
3003,1865
3003,1866
3004,1867
3005,1868
3007,1869
3008,1870
3010,1871
6777,1871
3015,1872
3017,1873
3018,1874
3019,1875
3022,1876
8615,1876
3023,1877
3024,1878
5026,1878
3026,1879
3027,1880
3028,1881
3028,1882
3032,1883
3033,1884
8763,1884
3039,1885
3044,1886
3045,1887
7106,1887
8608,1887
3047,1888
3052,1889
3071,1889
3055,1890
3058,1891
3059,1891
3060,1891
3058,1892
3059,1893
3063,1894
3068,1895
6678,1895
3070,1896
3073,1897
3074,1898
3078,1899
3079,1900
3081,1901
4287,1901
6535,1901
3082,1902
3090,1903
3091,1904
3092,1905
3094,1906
3095,1907
3097,1908
3099,1909
3099,1910
3100,1911
6309,1911
6932,1911
3102,1912
3102,1913
3105,1914
3106,1915
5885,1915
3108,1916
4774,1916
3110,1917
3111,1918
3114,1919
3115,1920
3400,1920
3117,1921
6489,1921
3119,1922
3122,1923
3124,1924
3125,1925
3125,1926
3125,1927
3125,1928
3125,1929
3125,1930
3125,1931
3125,1932
3125,1933
3125,1934
3125,1935
3127,1936
3132,1937
3134,1937
3135,1937
3143,1937
3136,1938
3138,1939
3240,1939
3140,1940
3148,1940
3141,1941
3142,1942
3146,1943
4446,1943
4723,1943
3151,1944
6212,1944
6213,1944
3155,1945
3156,1946
3158,1947
3159,1948
3161,1949
3620,1949
4451,1949
5046,1949
5647,1949
5869,1949
5912,1949
5925,1949
3162,1950
3163,1951
7235,1951
3164,1952
3165,1953
4766,1953
3170,1954
3477,1954
5228,1954
6576,1954
6795,1954
7194,1954
8732,1954
3171,1955
3172,1956
3175,1957
3176,1958
6522,1958
3176,1959
3181,1960
4352,1960
7146,1960
3187,1961
3694,1961
3806,1961
3189,1962
3190,1963
3191,1964
3192,1965
3639,1965
4970,1965
3194,1966
4152,1966
4595,1966
3195,1967
3196,1968
7889,1968
3198,1969
3199,1970
3201,1971
3202,1972
3203,1973
6526,1973
3203,1974
3204,1975
3206,1976
3207,1977
4756,1977
8505,1977
3208,1978
3211,1979
3212,1980
3214,1981
3215,1982
3216,1983
3224,1984
3225,1985
3227,1986
3227,1987
3234,1988
3235,1989
3235,1990
3238,1991
3249,1992
3251,1993
3252,1994
3254,1995
3255,1996
3257,1997
4757,1997
3260,1998
3261,1999
3263,2000
5889,2000
7219,2000
3265,2001
3266,2002
7341,2002
3267,2003
3268,2004
3269,2005
4578,2005
3269,2006
3273,2007
3774,2007
3274,2008
3279,2009
3281,2010
3286,2011
3290,2012
4792,2012
5476,2012
5843,2012
3293,2013
3297,2014
3298,2015
3300,2016
3301,2017
3303,2018
3306,2019
5632,2019
8326,2019
3308,2020
3309,2021
3312,2022
3313,2023
3319,2024
3320,2025
3320,2026
3322,2027
3324,2028
3325,2029
3327,2030
3330,2031
3332,2032
8253,2032
3333,2033
3336,2034
3336,2035
3339,2036
3344,2037
3348,2038
5474,2038
8494,2038
3349,2039
3350,2040
3366,2040
3354,2041
3354,2042
3355,2043
3357,2044
3359,2045
3360,2046
3367,2047
3373,2048
6328,2048
7033,2048
3375,2049
3377,2050
3380,2051
5208,2051
3381,2052
3384,2053
3385,2054
3385,2055
3387,2056
3388,2057
3389,2058
7635,2058
3392,2059
3399,2060
3422,2060
3406,2061
3408,2062
3409,2063
3410,2064
4121,2064
6944,2064
7639,2064
7640,2064
8363,2064
3413,2065
3414,2066
3418,2067
3419,2068
4379,2068
3423,2069
3424,2070
3425,2071
3426,2072
3426,2073
3429,2074
3432,2075
3435,2076
3437,2077
3439,2078
3440,2079
3447,2080
3449,2081
3451,2082
3452,2083
3457,2084
4324,2084
3460,2085
3461,2086
3462,2087
3466,2088
3469,2089
3472,2090
3473,2091
3473,2092
3476,2093
3476,2094
3478,2095
3480,2096
3481,2096
3483,2097
3485,2098
3486,2099
3486,2100
3486,2101
3486,2102
3486,2103
3486,2104
3486,2105
3486,2106
3486,2107
3487,2108
3488,2109
3491,2110
3495,2111
8054,2111
3497,2112
3498,2113
3499,2114
3501,2115
5614,2115
3504,2116
3507,2117
3507,2118
3837,2118
3510,2119
3518,2120
8463,2120
3519,2121
3523,2122
3524,2123
3530,2124
5796,2124
5926,2124
3531,2125
3532,2126
3533,2127
3537,2128
3538,2129
6079,2129
3539,2130
3543,2130
3733,2130
3542,2131
3543,2132
3548,2133
3548,2134
3550,2135
5771,2135
3555,2136
3922,2136
3557,2137
3558,2138
3560,2139
4526,2139
5101,2139
5563,2139
3561,2140
3564,2141
3565,2142
3566,2143
3567,2144
3569,2145
3570,2145
3571,2145
3575,2146
3583,2147
7462,2147
3587,2148
3591,2149
3591,2150
3591,2151
3591,2152
3591,2153
3591,2154
3594,2155
3595,2156
3596,2157
3913,2157
4481,2157
5241,2157
7125,2157
8356,2157
3597,2158
3600,2159
3603,2160
3604,2161
3604,2162
3606,2163
3614,2164
3615,2164
3617,2165
3714,2165
3915,2165
3618,2166
5918,2166
6030,2166
3624,2167
3626,2168
3629,2169
3631,2170
3632,2171
3635,2172
3638,2173
3640,2174
3644,2175
3644,2176
5936,2176
3646,2177
4223,2177
4249,2177
5109,2177
5135,2177
5326,2177
5327,2177
5379,2177
5380,2177
5526,2177
5819,2177
7057,2177
3647,2178
6580,2178
3648,2179
7673,2179
7677,2179
3649,2180
3650,2181
6963,2181
3650,2182
3651,2183
3653,2184
3654,2185
5714,2185
3659,2186
7944,2186
3662,2187
3663,2188
5370,2188
3669,2189
4626,2189
5540,2189
3671,2190
3676,2191
3677,2192
3679,2193
3680,2194
6959,2194
3682,2195
3682,2196
3682,2197
3698,2198
3810,2198
3811,2198
3812,2198
3699,2199
3700,2200
3702,2201
3704,2202
3707,2203
3715,2204
3716,2205
3718,2206
3719,2207
3719,2207
3720,2208
3720,2209
3720,2210
3721,2211
3729,2211
3729,2212
3730,2213
3730,2214
3731,2215
3735,2216
3736,2217
3739,2218
3739,2219
3740,2220
6734,2220
3741,2221
3744,2222
3754,2223
4971,2223
3757,2224
3758,2225
3949,2225
4195,2225
4196,2225
4375,2225
4625,2225
3762,2226
8195,2226
3764,2227
3765,2228
3767,2229
3768,2230
3769,2231
3773,2232
3776,2233
3778,2234
3778,2235
3782,2236
3784,2237
3787,2238
3791,2239
4562,2239
4733,2239
7463,2239
3792,2240
3794,2241
3798,2242
3801,2243
3803,2244
3803,2245
5614,2245
7006,2245
3804,2246
3809,2247
3814,2248
3815,2249
3816,2250
4005,2250
3817,2251
3819,2252
3820,2253
3821,2254
3823,2255
3826,2256
6181,2256
8346,2256
3829,2257
3831,2258
3833,2259
3834,2260
3835,2261
3843,2262
3858,2263
3858,2264
3859,2265
3860,2266
3861,2267
3863,2268
3866,2269
3867,2270
3869,2271
3872,2272
3873,2273
3874,2274
3875,2275
3876,2276
7998,2276
3886,2277
3891,2278
3892,2279
4323,2279
3895,2280
3896,2281
3897,2282
3900,2283
3904,2284
3905,2285
3906,2286
3907,2287
4836,2287
3908,2288
3909,2289
3912,2290
5838,2290
3916,2291
3917,2292
3918,2293
4359,2293
8157,2293
3919,2294
3923,2295
3924,2295
6548,2295
3927,2296
3929,2297
3929,2298
3929,2299
3929,2300
3931,2301
3936,2302
3946,2303
3949,2304
6017,2304
3951,2305
3952,2306
3955,2307
3956,2308
3958,2309
3960,2310
3961,2311
3963,2312
5967,2312
3964,2313
3967,2314
7950,2314
8313,2314
3968,2315
3973,2316
3976,2317
3978,2318
8078,2318
3979,2319
3979,2320
3984,2321
3991,2322
4039,2322
4070,2322
6856,2322
7544,2322
8445,2322
3992,2323
4020,2323
3994,2324
4018,2324
3998,2325
3998,2326
4000,2327
5583,2327
4001,2328
4003,2329
4004,2330
4006,2331
4009,2332
4012,2333
4019,2334
4040,2334
4079,2334
4025,2335
6047,2335
4026,2336
5205,2336
4032,2337
5189,2337
4032,2338
4034,2339
7913,2339
4035,2340
4037,2341
4042,2342
4046,2343
7027,2343
4049,2344
4050,2345
4682,2345
4051,2346
4052,2347
4054,2348
4059,2349
4060,2350
4061,2351
4063,2352
4065,2353
4065,2354
4067,2355
4068,2356
4073,2357
6375,2357
4081,2358
4082,2359
4083,2360
5596,2360
4086,2361
4087,2362
5680,2362
5688,2362
4088,2363
4089,2364
7338,2364
4092,2365
4093,2366
4094,2367
4095,2368
4097,2369
4098,2370
4099,2371
4100,2372
4101,2373
5178,2373
4102,2374
4105,2375
4107,2376
4109,2377
4681,2377
4111,2378
4111,2379
4113,2380
4114,2381
4118,2382
4122,2383
4124,2384
4125,2385
4134,2386
4135,2387
4136,2388
4136,2389
4136,2390
4136,2391
4139,2392
4140,2393
5762,2393
4147,2394
7586,2394
4148,2395
4151,2396
4153,2397
4155,2398
4156,2399
8344,2399
4157,2400
4158,2401
4159,2402
4161,2403
4162,2404
4165,2405
4469,2405
4166,2406
4166,2407
4170,2408
5311,2408
5315,2408
4174,2409
4174,2410
4175,2411
4178,2412
4181,2413
4186,2414
4187,2415
4191,2416
4192,2417
4193,2418
4194,2419
4198,2420
4204,2421
4205,2422
4206,2423
4209,2424
4770,2424
5078,2424
4209,2425
4770,2425
5078,2425
5477,2425
4210,2426
7737,2426
4211,2427
4212,2428
4213,2429
4214,2430
4215,2431
4218,2432
6744,2432
8229,2432
8357,2432
4218,2433
4553,2433
4220,2434
4222,2435
4225,2436
4226,2437
4229,2438
4230,2438
6050,2438
4232,2439
4233,2439
4234,2440
4234,2441
4235,2442
4237,2443
4238,2444
4239,2444
4240,2444
4244,2445
5749,2445
5750,2445
4245,2446
4247,2447
4248,2447
4300,2447
4302,2447
7655,2447
7658,2447
4250,2448
4253,2449
4256,2450
4259,2451
4607,2451
4260,2452
4263,2453
8044,2453
4268,2454
4269,2455
4276,2456
4278,2457
4279,2458
4281,2459
4282,2460
4283,2461
4284,2462
4285,2463
4855,2463
4286,2464
4288,2465
6670,2465
4290,2466
4290,2467
4292,2468
6135,2468
4293,2469
4294,2470
4295,2471
4296,2472
4298,2473
4303,2474
4304,2475
4307,2476
8051,2476
8769,2476
4314,2477
4314,2478
4316,2479
4318,2480
4319,2481
4320,2482
4322,2483
4325,2484
4802,2484
4329,2485
4331,2486
4332,2487
4333,2488
4334,2489
4338,2489
4339,2489
7154,2489
7304,2489
7358,2489
8204,2489
8585,2489
4335,2490
4336,2491
4337,2492
4340,2493
4585,2493
4342,2494
4342,2495
4343,2496
4346,2497
4347,2498
4349,2499
4350,2500
4355,2501
4355,2502
4356,2503
4358,2504
4361,2505
4362,2506
4365,2507
4365,2508
4370,2509
4371,2510
4374,2511
4874,2511
5200,2511
5737,2511
7487,2511
7908,2511
4376,2512
8025,2512
4378,2513
5595,2513
4383,2514
4384,2515
4389,2516
4392,2517
4796,2517
7119,2517
4393,2518
4501,2518
5443,2518
4394,2519
4395,2520
4395,2521
4396,2522
4398,2523
4399,2524
5756,2524
4402,2525
4403,2526
4405,2527
6957,2527
8085,2527
4412,2528
4415,2529
4417,2530
4418,2531
4419,2532
4420,2533
5897,2533
5997,2533
4421,2534
4422,2535
4439,2535
4454,2535
4423,2536
4424,2536
6036,2536
4425,2537
4426,2538
4430,2539
4432,2540
4434,2541
4435,2542
4436,2543
4438,2544
4568,2544
4586,2544
4440,2545
4442,2546
4722,2546
6404,2546
7116,2546
8612,2546
4443,2547
4444,2548
4445,2549
8772,2549
4447,2550
4608,2550
4448,2551
4449,2552
7713,2552
4453,2553
4457,2554
4459,2555
4460,2556
4461,2557
4786,2557
4463,2558
4464,2559
4468,2560
4472,2561
4473,2562
4474,2563
4476,2564
4478,2565
4482,2566
5335,2566
5336,2566
5337,2566
5338,2566
5339,2566
5340,2566
4487,2567
4487,2568
4494,2569
4497,2570
4500,2571
4503,2572
4593,2572
4506,2573
4507,2574
4510,2575
4511,2576
7446,2576
4513,2577
4514,2578
4515,2579
4516,2580
6021,2580
4525,2581
7516,2581
4525,2582
4527,2583
4529,2584
4533,2585
4534,2586
4538,2587
4539,2588
4541,2589
4545,2589
4541,2590
4542,2591
5746,2591
4544,2592
4546,2592
4548,2593
4548,2594
4555,2594
4549,2595
4549,2596
4556,2597
4557,2598
4560,2599
4612,2599
4561,2600
4564,2601
4565,2602
4567,2603
4569,2604
4570,2605
4573,2606
4577,2606
7937,2606
7938,2606
4575,2607
4576,2608
4720,2608
4726,2608
4738,2608
5470,2608
4579,2609
4580,2610
4793,2610
4957,2610
4583,2611
4584,2612
4588,2613
4589,2614
4590,2615
4591,2615
5774,2615
7542,2615
7543,2615
4592,2616
4594,2617
4596,2618
4597,2619
4598,2620
4599,2621
4600,2622
4603,2623
4604,2624
4606,2625
4610,2626
4613,2627
4614,2628
4615,2629
4616,2630
4617,2631
4618,2632
4619,2633
4620,2634
6343,2634
6897,2634
7528,2634
4621,2635
7581,2635
4626,2636
4627,2637
4631,2638
5522,2638
4631,2639
4642,2640
4643,2641
4647,2642
4650,2643
6051,2643
4654,2644
4657,2645
4657,2646
4658,2647
4660,2648
4665,2649
4667,2650
5711,2650
5834,2650
5838,2650
4668,2651
7036,2651
7533,2651
4669,2652
4670,2653
4672,2654
4680,2655
6104,2655
4684,2656
4685,2657
4686,2658
4687,2659
4966,2659
4967,2659
5019,2659
5020,2659
4688,2660
4692,2661
4693,2662
4694,2663
4695,2664
4698,2665
4699,2666
5283,2666
4700,2667
4702,2668
4706,2669
6634,2669
6793,2669
7482,2669
4707,2670
4713,2671
4714,2672
4715,2673
4716,2674
4716,2675
4716,2676
4719,2677
4721,2678
5421,2678
4724,2679
4725,2680
4730,2681
4734,2682
4736,2683
4740,2684
4740,2685
4741,2686
4746,2687
4747,2687
4749,2688
4750,2689
4782,2689
4809,2689
4850,2689
4867,2689
4941,2689
4963,2689
5002,2689
5003,2689
5063,2689
5067,2689
5077,2689
5177,2689
5343,2689
5496,2689
5615,2689
5679,2689
5840,2689
5873,2689
4750,2690
4782,2690
4809,2690
4850,2690
4867,2690
4941,2690
4963,2690
5002,2690
5003,2690
5063,2690
5067,2690
5077,2690
5177,2690
5225,2690
5343,2690
5496,2690
5615,2690
5679,2690
5712,2690
5840,2690
5873,2690
4752,2691
4754,2692
4761,2693
4776,2694
4780,2695
4783,2696
4784,2697
4785,2698
4787,2699
4788,2699
4790,2700
4791,2701
4794,2702
4797,2703
4800,2704
4802,2705
4803,2706
5619,2706
4806,2707
4807,2708
4811,2709
4813,2710
4817,2711
4818,2712
4820,2713
4823,2714
4824,2715
4827,2716
4828,2717
4828,2718
4830,2719
4831,2720
4834,2721
4835,2722
6558,2722
4840,2723
4841,2724
4844,2725
4848,2726
4851,2727
4859,2728
4860,2729
4862,2730
4865,2731
4865,2732
4868,2733
4868,2734
4871,2735
5214,2735
5785,2735
4872,2736
4873,2737
4876,2738
6876,2738
4877,2739
4878,2740
4878,2741
4879,2742
4881,2743
4882,2744
4883,2745
4885,2746
4886,2747
4887,2748
4888,2749
4888,2750
4889,2751
4890,2752
4894,2753
4898,2754
4898,2755
4902,2756
4903,2757
4905,2758
4906,2759
4907,2760
4908,2761
4910,2762
4913,2763
4916,2764
4917,2765
4917,2766
4918,2767
4918,2768
4918,2769
4919,2770
8614,2770
4920,2771
7817,2771
4921,2772
4923,2773
8295,2773
4923,2774
4924,2775
4929,2776
4930,2777
4932,2778
4933,2779
5118,2779
4935,2780
4936,2781
4937,2782
4938,2783
4940,2784
4944,2785
4945,2786
4946,2787
4948,2788
4953,2789
4955,2789
5618,2789
8162,2789
4954,2790
4956,2791
4959,2792
4960,2793
4961,2794
4964,2795
4969,2796
4972,2797
4973,2798
4975,2799
4976,2800
4978,2801
4980,2802
6105,2802
4982,2803
4983,2804
4984,2805
4987,2806
4988,2807
4990,2808
4991,2809
4992,2810
4994,2811
4996,2812
4997,2813
5000,2814
5274,2814
5004,2815
5007,2816
5012,2817
5013,2818
5014,2819
5021,2820
5023,2821
5029,2822
7507,2822
5032,2823
5034,2824
5035,2825
5038,2826
5041,2827
5042,2828
5042,2829
5043,2830
5044,2831
5045,2832
6884,2832
5048,2833
5051,2834
5052,2835
5055,2836
5797,2836
5056,2837
5057,2838
5059,2839
5059,2840
5060,2841
5065,2842
5068,2843
5425,2843
5069,2844
5069,2845
5073,2846
7307,2846
7696,2846
5074,2847
5074,2848
5075,2849
5080,2850
5132,2850
5310,2850
5080,2851
5131,2851
5132,2851
5305,2851
5310,2851
5409,2851
5448,2851
5463,2851
5081,2852
5291,2852
5297,2852
5482,2852
5486,2852
5082,2853
5084,2854
5085,2855
5086,2856
5089,2857
5094,2858
5095,2859
6325,2859
5097,2860
5102,2861
5103,2862
5105,2863
5108,2864
5111,2865
5904,2865
5112,2866
6979,2866
5115,2867
5116,2868
5117,2869
5123,2870
5124,2871
5125,2872
5133,2873
5134,2874
5137,2875
5138,2876
5138,2877
5143,2878
5144,2879
5144,2880
5145,2881
5149,2882
5149,2883
5152,2884
5153,2885
5154,2886
5159,2887
5161,2888
5163,2889
7076,2889
5173,2890
5175,2891
5180,2892
5182,2893
5183,2894
5185,2895
5187,2896
5188,2897
5189,2898
5190,2899
5191,2900
5197,2901
5198,2902
8548,2902
5199,2903
5202,2904
7516,2904
5203,2905
5210,2906
5734,2906
5210,2907
5734,2907
5212,2908
5213,2909
5218,2910
5219,2911
5221,2912
8333,2912
5223,2913
5224,2914
5226,2915
5229,2916
5230,2917
5234,2918
5235,2919
5236,2920
5239,2921
5240,2922
5242,2923
6238,2923
5249,2924
5250,2925
5250,2926
5254,2927
5256,2928
5257,2929
5261,2930
5262,2931
5265,2932
8609,2932
5266,2933
5773,2933
5267,2934
5268,2935
5269,2936
5272,2937
5278,2938
5280,2939
5280,2940
5282,2941
5293,2942
5294,2942
5748,2942
5295,2943
5301,2944
5303,2945
8639,2945
5304,2946
5307,2947
5308,2948
5308,2949
5311,2950
5315,2950
5312,2951
5313,2952
5314,2953
6483,2953
7746,2953
5317,2954
6985,2954
5318,2955
5319,2956
5323,2957
7252,2957
5323,2958
7252,2958
5324,2959
5330,2960
5331,2961
5333,2962
5341,2963
5342,2964
5344,2965
5345,2966
5352,2967
5354,2968
5358,2969
5359,2970
5362,2971
5365,2972
5368,2973
5369,2974
5371,2975
5372,2976
5373,2977
5374,2978
5376,2979
5378,2980
5382,2981
5386,2982
5388,2983
5389,2984
5392,2985
5401,2985
5462,2985
5395,2986
5397,2987
5399,2988
5403,2989
5412,2990
5417,2991
5914,2991
5419,2992
5420,2993
5424,2994
5424,2995
5427,2996
5428,2997
5898,2997
5428,2998
5898,2998
5429,2999
7376,2999
5430,3000
5431,3001
5432,3002
5451,3002
5433,3003
5436,3004
5441,3005
5442,3006
5443,3007
5447,3008
5449,3009
5452,3009
5467,3009
5504,3009
5450,3010
5453,3011
5454,3012
5455,3013
5456,3014
5461,3014
6518,3014
5457,3015
5464,3016
5472,3017
5473,3018
5475,3019
5479,3020
5479,3021
5483,3022
6611,3022
7248,3022
7689,3022
5484,3023
5485,3024
5487,3025
5490,3026
5490,3027
5490,3028
5491,3029
5492,3030
5493,3031
5494,3032
5497,3033
5498,3034
5499,3035
5501,3036
5502,3037
5505,3038
6815,3038
5506,3039
5507,3040
5508,3041
5508,3042
5509,3043
5513,3044
5516,3045
5517,3046
5518,3047
5518,3048
5522,3049
5911,3049
5522,3050
5911,3050
5523,3051
5525,3052
5530,3053
5532,3054
5533,3055
5534,3056
5847,3056
5535,3057
7990,3057
5537,3058
5537,3059
5541,3060
5542,3061
5795,3061
5814,3061
5544,3062
5545,3063
5546,3064
5547,3065
5548,3066
5549,3067
5550,3068
5551,3069
5552,3070
5553,3071
5555,3072
5556,3073
5557,3074
8444,3074
5561,3075
5562,3076
5565,3077
5566,3078
5569,3079
5571,3080
5572,3081
8146,3081
5573,3082
8660,3082
5574,3083
5574,3084
5575,3085
5578,3086
5580,3087
5585,3088
5587,3089
6633,3089
5589,3090
5590,3091
5591,3092
5598,3093
5601,3094
5603,3095
5605,3096
5606,3097
5607,3098
5608,3099
5611,3100
5849,3100
8366,3100
5613,3101
5613,3102
5616,3103
5620,3104
5621,3105
5622,3106
5624,3107
5625,3108
5626,3109
5627,3110
5629,3111
5630,3112
5631,3113
5633,3114
5634,3115
5635,3116
5636,3117
5637,3118
5638,3119
8280,3119
5639,3120
5640,3121
5642,3122
5643,3123
5644,3124
5645,3125
5646,3126
5866,3126
5648,3127
5649,3128
5653,3129
5657,3130
5658,3131
5658,3132
5662,3133
5664,3134
5665,3135
5667,3136
5675,3137
5677,3138
5682,3139
5929,3139
5683,3140
5686,3141
5689,3142
5690,3143
5692,3144
5694,3145
5695,3146
5696,3147
5697,3148
5698,3149
5699,3150
5702,3151
5703,3152
5705,3153
5706,3154
5707,3155
5710,3156
5712,3157
5713,3158
5718,3159
5719,3160
5722,3161
5726,3162
5727,3163
5735,3164
5736,3165
5738,3166
8213,3166
5739,3167
5933,3167
7324,3167
7812,3167
5740,3168
5741,3169
5743,3170
5744,3171
5747,3172
5751,3173
5757,3174
7736,3174
7818,3174
5759,3175
7910,3175
5761,3176
5765,3177
5766,3178
5768,3179
5775,3180
5777,3181
5779,3182
5780,3183
5780,3184
5781,3185
5783,3186
6962,3186
5783,3187
5793,3188
5798,3189
5810,3190
5811,3191
5816,3192
5821,3192
5820,3193
5822,3194
5825,3195
5827,3196
5829,3197
5831,3198
5833,3199
5838,3200
5838,3201
7365,3201
7922,3201
5838,3202
5838,3203
5838,3204
8689,3204
5838,3205
5838,3206
5838,3207
5838,3208
5841,3209
5850,3210
5852,3211
5852,3211
5858,3212
5859,3213
5861,3214
5861,3215
5862,3216
5865,3217
5877,3218
5879,3219
5880,3220
6498,3220
8555,3220
5884,3221
5887,3222
5888,3223
5888,3224
5888,3225
5888,3226
5888,3227
5888,3228
6355,3228
5888,3229
5888,3230
5888,3231
5888,3232
7165,3232
7670,3232
5888,3233
5888,3234
5890,3235
5891,3236
5892,3237
5893,3238
5893,3239
5894,3240
5902,3241
5902,3242
5905,3243
5906,3244
5908,3245
5913,3246
5916,3247
5917,3248
5927,3249
5928,3250
5930,3251
6472,3251
5930,3252
5931,3253
5931,3254
6273,3254
5935,3255
5937,3256
5938,3257
5939,3258
5939,3259
5942,3260
5943,3261
5944,3262
5945,3263
5946,3264
5947,3265
5948,3266
5949,3267
5950,3268
5951,3269
5952,3270
5953,3271
5954,3272
5954,3273
5955,3274
5956,3275
8043,3275
5957,3276
5958,3277
5959,3278
5961,3279
5962,3280
5969,3281
5970,3282
5971,3283
6077,3283
5972,3284
5972,3285
5973,3286
5974,3287
5976,3288
5978,3289
8368,3289
8766,3289
5980,3290
5981,3291
5984,3292
5986,3293
5988,3294
5989,3295
8385,3295
5991,3296
5992,3297
5992,3298
5993,3299
5994,3300
5995,3301
5996,3302
5999,3303
6000,3304
6001,3305
6028,3305
6001,3306
6028,3306
6003,3307
6004,3308
6005,3309
6006,3310
6007,3311
6009,3312
6010,3313
6011,3314
6012,3315
7107,3315
6013,3316
8805,3316
6014,3317
6015,3318
6995,3318
6016,3319
6018,3320
6020,3321
6121,3321
6022,3322
8314,3322
6023,3323
6024,3324
6025,3325
6026,3326
6026,3327
6029,3328
7920,3328
6031,3329
6032,3330
7333,3330
6033,3331
6034,3332
6035,3333
6037,3334
6039,3335
6041,3336
6042,3337
6043,3338
6044,3339
7793,3339
6048,3340
6048,3341
6052,3342
6053,3343
6055,3344
6056,3345
6057,3346
6714,3346
6059,3347
6060,3348
6061,3349
6063,3350
6272,3350
6910,3350
6065,3351
6770,3351
6069,3352
6070,3353
6072,3354
6073,3355
7175,3355
8640,3355
6076,3356
6080,3357
6081,3358
6582,3358
6083,3359
6084,3360
6085,3361
6086,3362
6087,3363
6087,3364
6089,3365
6091,3366
6628,3366
6629,3366
6630,3366
7379,3366
6092,3367
6093,3368
6094,3369
6096,3370
6097,3371
6099,3372
7592,3372
6100,3373
6107,3374
6110,3375
6111,3376
6113,3377
6115,3378
6116,3379
6117,3380
6152,3380
6117,3381
6117,3382
6118,3383
6119,3384
6120,3385
6122,3386
6123,3387
6124,3388
6610,3388
7582,3388
8768,3388
6125,3389
6126,3389
6128,3390
6129,3391
6130,3392
6131,3393
6132,3394
6134,3395
6136,3396
7866,3396
6137,3397
6139,3398
7648,3398
8757,3398
6140,3399
6141,3400
6142,3401
6143,3402
6144,3403
6145,3404
6146,3405
6149,3406
6150,3407
7982,3407
6151,3408
6153,3409
6153,3410
6221,3410
8532,3410
6154,3411
6155,3411
6158,3412
6159,3413
7105,3413
7535,3413
6160,3414
6161,3415
6163,3416
6164,3417
6166,3418
6169,3419
6170,3420
6171,3421
6173,3422
6176,3423
6177,3424
8392,3424
6179,3425
6179,3426
6180,3427
6180,3428
6182,3429
6182,3430
6183,3431
6184,3432
6270,3432
6185,3433
8318,3433
6186,3434
6187,3435
6189,3436
6190,3437
6191,3438
6192,3439
6193,3440
6194,3441
7047,3441
6196,3442
6196,3443
6197,3444
6197,3445
6198,3446
6200,3447
6201,3448
6201,3449
6202,3450
6204,3451
6205,3452
6206,3453
6207,3454
6208,3455
6209,3456
6210,3457
6211,3458
6215,3459
6216,3460
6218,3461
6603,3461
6669,3461
6218,3462
6603,3462
6669,3462
6219,3463
6222,3464
6223,3464
6224,3465
6226,3466
6227,3467
6227,3468
6228,3469
6230,3470
6231,3471
6232,3472
6233,3473
6234,3474
6236,3475
6237,3476
6239,3477
7289,3477
6239,3478
6244,3478
6240,3479
7491,3479
7493,3479
7496,3479
7498,3479
7499,3479
6241,3480
6243,3480
6244,3480
6245,3481
6246,3482
6904,3482
6252,3483
6255,3484
6486,3484
6865,3484
7189,3484
6256,3485
6257,3486
6258,3487
6260,3488
6260,3489
6261,3490
6267,3491
6268,3492
6269,3493
6269,3494
6271,3495
6274,3496
6275,3497
6278,3498
6279,3499
6281,3500
6283,3501
6284,3502
6285,3502
6782,3502
6288,3503
6289,3504
6290,3505
7825,3505
6293,3506
6294,3507
6301,3508
6303,3509
6307,3510
6308,3511
6310,3512
7245,3512
6312,3513
8618,3513
6313,3514
6313,3515
6314,3516
6315,3517
7743,3517
7939,3517
6315,3518
6315,3519
6315,3520
6316,3521
6317,3522
6318,3523
6320,3524
6321,3525
6322,3526
6327,3527
6329,3528
6330,3529
6331,3530
7196,3530
6332,3531
6333,3532
6334,3533
6335,3534
6337,3535
6338,3536
6594,3536
6339,3537
6340,3538
6341,3539
6345,3540
8459,3540
6347,3541
7714,3541
6349,3542
6350,3543
6351,3544
7828,3544
7933,3544
6352,3545
6352,3546
6353,3547
6354,3548
6354,3549
6355,3550
6356,3551
6357,3552
6359,3553
6360,3554
6363,3555
6363,3556
6364,3557
6366,3558
6367,3559
6368,3560
6735,3560
7906,3560
8705,3560
6370,3561
6372,3562
6373,3563
6376,3564
6377,3565
8083,3565
6378,3566
6381,3567
6383,3568
6384,3568
6385,3568
6387,3569
6388,3570
6389,3571
6391,3572
6392,3573
6393,3574
6395,3575
6395,3576
6396,3577
7753,3577
6397,3578
6398,3579
6401,3580
6403,3581
6409,3582
6410,3583
6411,3584
6413,3585
6415,3586
6415,3587
6416,3588
6418,3589
6419,3590
6420,3591
6422,3592
8556,3592
6423,3593
6424,3594
6624,3594
6426,3595
6429,3596
6430,3596
6453,3596
6637,3596
7545,3596
7795,3596
6432,3597
6435,3598
6435,3599
6436,3600
6437,3601
6438,3602
6439,3603
6440,3604
6442,3605
6443,3606
6444,3607
6445,3608
6446,3609
6449,3610
6449,3611
6453,3612
6454,3613
6455,3614
6462,3615
6463,3615
6464,3615
6466,3616
6467,3617
6469,3618
6471,3619
6473,3620
6474,3621
6475,3622
7854,3622
8237,3622
6476,3623
6477,3624
6479,3625
6480,3626
6482,3627
7810,3627
8102,3627
6485,3628
6489,3629
6490,3630
8671,3630
6492,3631
6493,3632
6494,3633
6736,3633
6794,3633
7794,3633
6495,3634
6497,3635
6500,3636
6501,3637
6502,3638
7152,3638
8415,3638
8416,3638
8417,3638
6502,3639
7152,3639
8415,3639
8416,3639
8417,3639
6502,3640
6504,3641
6511,3642
6513,3643
6516,3644
6517,3645
6519,3646
6524,3647
6526,3648
6528,3649
6529,3650
6532,3651
6534,3652
6536,3653
6537,3654
6538,3655
6540,3656
6540,3657
6542,3658
6544,3659
6545,3660
6546,3661
6547,3662
6549,3663
6551,3664
7453,3664
7516,3664
7717,3664
6552,3665
6553,3666
6554,3667
6555,3668
6556,3669
6559,3670
6562,3671
6565,3672
6566,3673
6568,3674
6570,3675
6571,3676
6574,3677
6575,3678
6575,3679
6576,3680
6577,3681
6578,3682
6579,3683
6581,3684
6583,3685
6584,3686
6585,3687
6586,3688
6590,3689
7176,3689
7177,3689
8418,3689
8550,3689
6590,3690
6591,3691
6592,3692
6593,3693
6595,3694
6596,3695
6597,3696
7651,3696
7850,3696
6598,3697
6841,3697
6599,3698
6600,3699
6601,3700
6606,3701
6607,3702
6609,3703
6615,3704
7285,3704
7411,3704
7861,3704
6616,3705
6617,3706
6620,3707
6621,3708
6622,3709
6623,3710
6625,3711
6625,3712
6625,3713
6625,3714
6625,3715
6625,3716
6625,3717
6625,3718
6625,3719
6625,3720
6627,3721
6631,3722
6632,3723
6638,3724
6639,3725
6640,3726
6641,3727
6641,3728
6642,3729
8355,3729
8767,3729
6643,3730
6644,3731
6645,3732
6648,3733
7564,3733
8708,3733
6649,3734
6650,3735
6654,3736
6655,3737
6657,3738
6658,3739
6662,3740
6663,3741
7733,3741
6666,3742
6667,3743
6668,3744
6671,3745
8454,3745
6680,3746
7002,3746
6681,3747
6682,3748
6683,3749
6684,3750
6685,3750
6684,3751
6685,3751
6686,3752
6687,3753
6688,3754
6689,3755
6853,3755
8281,3755
8375,3755
8473,3755
8726,3755
6690,3756
6693,3757
6695,3758
6699,3759
6700,3760
6701,3761
6702,3762
6704,3763
6705,3764
6707,3765
6709,3766
6713,3767
6717,3768
6719,3769
6720,3770
6721,3771
6721,3772
6721,3773
6721,3774
6722,3775
6724,3776
6730,3777
6731,3778
6737,3779
6737,3780
6739,3781
6740,3782
7923,3782
6741,3783
6743,3784
6747,3785
8250,3785
6748,3786
6749,3787
6750,3788
6752,3789
6754,3790
6756,3790
6755,3791
7999,3791
8299,3791
6757,3792
7915,3792
6758,3793
6759,3794
6761,3795
6762,3796
6763,3797
6765,3798
6766,3799
8143,3799
8304,3799
6768,3800
6772,3801
6772,3802
6773,3803
6776,3804
6778,3805
6778,3806
6779,3807
6780,3808
6781,3809
6784,3810
6784,3811
6785,3812
6788,3813
6790,3814
6791,3815
6797,3816
6800,3817
6802,3818
6802,3819
6803,3820
6805,3821
6806,3822
6810,3823
8480,3823
6816,3824
6817,3825
6818,3826
6819,3827
6820,3828
6822,3829
6830,3830
8726,3830
6831,3831
6832,3832
6833,3833
6838,3834
6839,3835
6840,3836
6844,3837
6846,3838
6847,3839
6849,3839
6851,3839
6852,3840
6854,3841
6854,3842
6855,3843
6857,3844
6859,3845
6862,3845
6860,3846
6860,3847
6861,3848
6863,3849
6864,3850
6866,3851
6868,3852
6870,3853
6873,3854
6874,3855
6875,3856
6877,3857
6878,3858
6880,3859
6882,3860
6885,3861
7756,3861
6887,3862
6888,3863
6893,3864
6899,3865
6900,3866
6901,3867
6903,3868
6909,3869
6983,3869
6911,3870
6911,3871
6911,3872
6911,3873
6911,3874
6911,3875
6911,3876
6911,3877
6911,3878
6911,3879
6911,3880
6912,3881
6913,3882
7170,3882
6914,3883
6915,3884
6916,3885
6919,3886
6921,3887
6921,3888
6922,3889
6925,3890
6925,3891
6926,3892
6928,3893
6928,3894
6929,3895
6930,3896
6933,3897
6934,3898
7300,3898
6935,3899
6935,3900
6939,3901
6940,3902
6941,3903
6943,3904
6946,3905
6947,3906
6948,3907
6949,3908
6950,3909
6953,3910
6955,3911
6955,3912
6960,3913
6965,3914
8018,3914
6967,3915
6968,3916
6969,3917
7593,3917
6973,3918
6974,3919
6976,3920
6980,3921
6981,3922
6984,3923
6985,3924
7685,3924
6985,3925
6985,3926
6985,3927
6985,3928
6985,3929
6986,3930
6987,3931
6988,3931
8347,3931
6989,3932
6990,3933
6991,3934
6992,3934
6993,3935
6994,3936
6996,3937
7000,3938
7001,3939
7003,3940
7004,3941
7005,3942
7008,3943
7123,3943
7009,3944
7010,3945
8303,3945
7011,3946
7012,3947
7013,3948
7015,3949
7016,3950
7019,3951
7020,3952
7021,3953
7022,3954
7024,3955
7026,3956
7028,3957
8167,3957
7031,3958
7032,3958
7035,3959
7037,3960
8734,3960
7037,3961
7038,3962
7039,3963
7041,3964
7042,3965
7044,3966
7045,3967
7046,3968
7048,3969
7050,3970
7052,3971
7053,3972
7054,3973
7429,3973
7056,3974
7058,3975
7059,3976
7061,3977
7063,3978
7064,3979
7065,3980
7066,3981
7067,3982
7068,3983
8361,3983
7069,3984
7075,3985
7077,3986
7079,3987
7080,3988
7085,3989
7087,3990
7088,3991
7400,3991
7093,3992
7094,3993
7096,3994
8774,3994
7097,3995
7098,3996
7416,3996
7100,3997
7103,3998
7108,3999
7109,4000
7111,4001
7111,4002
7112,4003
7112,4004
7113,4005
7115,4006
7120,4007
7128,4008
7129,4009
7131,4010
7133,4011
7134,4012
7135,4013
7136,4014
7137,4015
7140,4016
7141,4017
7142,4018
7147,4019
7148,4020
7150,4021
7151,4022
7157,4023
7159,4024
7160,4025
7161,4026
7162,4027
7163,4028
7164,4029
7165,4030
7165,4031
7165,4032
7165,4033
7165,4034
7165,4035
7165,4036
7165,4037
7165,4038
7166,4039
7167,4040
7168,4041
7172,4042
7173,4043
7174,4044
7179,4045
7180,4045
7182,4046
7184,4047
7707,4047
8145,4047
8771,4047
7190,4048
7190,4049
7191,4050
7193,4051
7964,4051
7200,4052
7201,4053
7202,4054
7206,4055
7207,4056
7208,4057
7209,4058
7210,4059
7212,4060
7217,4061
7220,4062
7791,4062
8641,4062
8740,4062
7220,4063
7221,4064
8260,4064
7222,4065
7224,4066
7224,4067
7225,4068
7226,4069
7228,4070
7229,4070
7234,4070
7228,4071
7229,4071
7230,4071
7231,4071
7232,4071
7234,4071
7237,4072
7238,4073
7239,4074
7240,4075
7348,4075
7241,4076
7243,4077
7901,4077
7244,4078
7247,4079
7249,4080
7250,4081
7251,4082
7251,4083
7254,4084
7259,4085
7260,4086
7261,4087
7262,4088
7268,4089
7900,4089
7270,4090
7271,4091
7272,4092
7273,4093
7274,4094
7275,4095
7276,4096
7277,4097
7278,4097
7279,4097
7281,4098
7282,4099
7284,4100
7289,4101
7290,4102
7290,4103
7293,4104
7294,4105
7294,4106
7294,4107
7295,4108
7931,4108
8641,4108
8764,4108
7296,4109
7297,4110
7303,4111
7305,4112
7306,4113
7310,4114
7311,4115
7312,4116
7314,4117
7315,4118
7316,4119
7321,4120
7323,4121
7327,4122
8004,4122
7328,4123
7329,4124
7329,4125
7330,4126
7330,4127
7331,4128
7334,4129
7335,4130
7335,4131
7336,4132
8570,4132
7337,4133
7340,4134
7342,4135
7345,4136
7347,4137
7351,4138
7352,4139
7353,4140
7355,4141
7356,4142
7357,4143
7359,4144
7361,4145
7361,4146
7362,4147
7363,4148
7364,4149
7366,4150
7367,4151
7368,4152
7370,4153
7371,4154
7372,4155
7374,4156
7375,4157
7378,4158
7935,4158
7380,4159
7381,4160
7385,4161
7389,4162
8592,4162
7390,4163
7391,4164
7392,4165
7395,4166
7397,4167
7398,4168
7399,4169
7401,4170
7403,4171
7406,4172
7408,4173
7410,4174
7412,4175
7413,4176
8327,4176
8328,4176
8329,4176
8330,4176
7414,4177
7415,4178
7416,4179
7500,4179
7420,4180
7421,4181
7422,4182
7423,4183
7993,4183
7423,4184
7424,4185
7425,4186
7426,4187
7426,4188
7427,4189
7427,4190
7428,4191
7430,4192
7431,4193
7433,4194
7434,4195
7435,4196
7435,4197
7438,4198
7440,4199
7441,4200
7442,4201
7442,4202
7443,4203
7444,4203
8743,4203
7445,4204
7451,4205
7452,4206
7457,4207
8500,4207
7459,4208
7461,4209
7465,4210
7466,4211
7467,4212
8788,4212
7468,4213
7470,4214
7471,4215
7472,4216
8070,4216
7473,4217
7474,4218
7475,4219
7475,4220
7476,4221
7477,4222
7478,4223
7483,4224
7485,4225
7516,4225
7488,4226
7489,4227
7490,4228
7497,4228
7502,4228
7493,4229
7494,4230
7501,4230
7502,4230
7495,4231
7495,4232
7497,4233
7499,4234
7500,4235
7501,4235
7505,4236
7508,4237
7509,4238
7510,4239
7511,4240
7512,4241
7513,4242
8800,4242
7515,4243
7516,4244
7516,4245
7516,4246
7516,4247
7516,4248
7516,4249
7519,4250
7520,4251
7521,4252
7526,4253
7526,4254
7527,4255
8431,4255
7531,4256
7638,4256
7531,4257
7532,4258
7534,4259
7536,4260
7537,4261
7538,4262
7540,4263
7542,4264
7543,4264
7545,4265
7547,4266
7549,4267
7550,4268
7551,4269
7553,4270
7555,4271
7555,4272
7556,4273
7557,4274
7557,4275
7559,4276
7561,4277
7562,4278
7563,4279
7565,4280
7567,4281
7567,4282
7568,4283
7576,4284
7579,4285
7583,4286
7584,4287
7585,4288
7595,4289
7596,4290
7597,4290
7597,4291
7599,4292
7599,4293
7601,4294
7602,4295
7607,4295
7603,4296
7604,4297
7605,4298
7606,4299
7608,4300
7609,4301
7610,4302
7610,4303
7612,4304
7613,4304
7614,4305
7615,4306
7616,4307
7617,4308
7618,4309
7618,4310
7619,4311
7620,4312
7621,4313
7622,4314
7623,4315
7626,4316
7626,4317
7627,4318
7631,4319
7632,4319
7634,4320
7636,4321
7636,4322
7637,4323
7642,4324
7643,4325
7644,4326
7645,4326
7646,4326
8092,4326
8544,4326
7652,4327
7653,4328
7654,4329
7656,4330
7657,4330
7659,4331
7661,4332
7721,4332
7738,4332
8014,4332
7662,4333
7835,4333
7664,4334
7665,4335
7666,4336
7668,4337
7669,4338
7669,4339
7670,4340
7671,4341
7678,4342
7679,4343
7680,4344
7681,4345
7682,4346
7683,4347
7684,4348
7684,4349
7687,4350
7687,4351
7688,4352
7692,4353
7693,4354
7695,4355
7697,4356
7698,4357
7703,4358
7704,4359
7705,4360
7708,4361
7709,4362
7712,4363
7718,4364
7720,4365
7723,4366
7723,4367
7724,4368
7725,4369
7856,4369
7727,4370
7728,4371
7729,4372
7732,4373
7734,4374
7735,4375
7735,4376
7738,4377
7738,4378
7738,4379
8014,4379
7738,4380
7740,4381
7741,4382
7741,4383
7744,4384
7744,4385
7744,4386
7744,4387
7746,4388
7747,4389
7754,4390
7755,4391
7758,4392
7759,4393
7779,4394
7779,4395
7789,4396
7790,4397
7793,4398
7793,4399
7796,4400
7797,4401
7804,4402
7805,4403
7808,4404
7815,4405
7819,4406
7820,4407
7822,4408
7823,4409
7823,4410
7824,4411
7826,4412
8137,4412
7827,4413
7827,4414
7830,4415
7831,4416
7832,4417
7833,4418
7834,4419
7837,4420
8231,4420
7840,4421
7842,4422
7844,4423
7845,4424
7846,4425
7847,4426
7849,4427
7849,4428
7852,4429
7853,4430
7855,4431
7859,4432
7860,4433
7860,4434
7862,4435
7864,4436
7865,4437
7892,4437
7865,4438
7869,4439
7872,4440
7872,4441
7875,4442
7877,4443
7878,4444
7881,4445
7882,4445
7883,4445
7887,4446
7888,4447
7890,4448
7891,4449
7892,4450
7894,4451
7895,4452
7896,4453
8334,4453
7897,4454
8285,4454
7899,4455
7903,4456
7905,4457
7911,4458
7912,4459
7914,4460
7916,4461
7917,4462
7918,4463
7919,4464
7920,4465
7924,4466
7925,4467
8586,4467
8667,4467
7926,4468
7927,4469
7929,4470
7929,4471
7932,4472
7934,4473
7940,4474
7941,4475
7942,4476
7945,4477
7946,4478
7951,4479
7953,4480
7955,4481
8507,4481
7956,4482
7960,4483
7960,4484
7960,4485
7961,4486
7962,4487
7963,4487
7965,4488
7966,4489
7968,4490
7970,4491
7971,4492
7974,4492
7972,4493
7976,4493
7973,4494
7977,4494
7975,4495
7978,4495
7979,4495
7979,4496
7980,4497
7984,4498
7987,4499
7988,4499
7991,4500
7995,4501
7997,4502
8000,4503
8006,4504
8007,4505
8007,4506
8008,4506
8009,4507
8009,4508
8010,4509
8012,4510
8013,4511
8015,4512
8015,4513
8017,4514
8019,4515
8020,4516
8024,4517
8026,4518
8027,4519
8028,4520
8029,4521
8030,4522
8035,4523
8036,4524
8036,4525
8037,4526
8038,4527
8039,4528
8042,4529
8046,4530
8047,4531
8049,4532
8055,4533
8056,4534
8057,4535
8058,4536
8061,4537
8061,4538
8062,4539
8064,4540
8066,4541
8067,4542
8068,4543
8291,4543
8069,4544
8069,4545
8069,4546
8070,4547
8072,4548
8073,4549
8074,4550
8080,4551
8081,4552
8082,4553
8087,4554
8087,4555
8090,4556
8091,4557
8091,4558
8092,4559
8092,4560
8092,4561
8093,4562
8097,4563
8099,4564
8100,4565
8101,4566
8104,4567
8105,4568
8105,4569
8107,4570
8109,4571
8112,4572
8113,4573
8114,4574
8115,4575
8116,4576
8117,4577
8119,4578
8120,4579
8121,4580
8124,4581
8127,4582
8128,4583
8129,4584
8131,4585
8134,4586
8135,4587
8135,4588
8136,4589
8140,4590
8141,4591
8141,4592
8142,4593
8150,4594
8151,4595
8152,4596
8153,4597
8155,4598
8156,4599
8158,4600
8160,4601
8161,4602
8163,4603
8164,4604
8165,4605
8165,4606
8165,4607
8165,4608
8165,4609
8169,4610
8169,4611
8170,4612
8171,4613
8173,4614
8178,4615
8178,4616
8179,4617
8180,4618
8182,4619
8186,4620
8187,4621
8189,4622
8191,4623
8191,4624
8192,4625
8192,4626
8196,4627
8197,4628
8199,4629
8201,4630
8202,4631
8203,4632
8203,4633
8205,4634
8205,4635
8206,4636
8661,4636
8211,4637
8212,4638
8214,4639
8216,4640
8216,4641
8216,4642
8218,4643
8218,4644
8219,4645
8221,4646
8222,4647
8277,4647
8223,4648
8224,4649
8262,4649
8225,4650
8226,4651
8233,4652
8234,4653
8234,4654
8235,4655
8236,4656
8238,4657
8239,4658
8240,4659
8241,4660
8551,4660
8243,4661
8245,4662
8246,4663
8248,4664
8249,4665
8254,4666
8255,4667
8257,4668
8259,4669
8259,4670
8261,4671
8264,4672
8264,4673
8265,4674
8267,4675
8362,4675
8499,4675
8268,4676
8271,4677
8271,4678
8274,4679
8274,4680
8275,4681
8276,4682
8279,4683
8279,4684
8282,4685
8284,4686
8286,4687
8287,4688
8662,4688
8289,4689
8514,4689
8292,4690
8294,4691
8296,4692
8300,4693
8300,4694
8301,4695
8387,4695
8302,4696
8307,4697
8309,4698
8311,4699
8315,4700
8319,4701
8320,4702
8323,4703
8323,4704
8324,4705
8325,4706
8336,4707
8338,4708
8339,4709
8340,4710
8341,4711
8343,4712
8345,4713
8345,4714
8345,4715
8345,4716
8345,4717
8345,4718
8345,4719
8345,4720
8349,4721
8351,4722
8352,4723
8359,4724
8509,4724
8360,4725
8360,4726
8360,4727
8364,4728
8365,4728
8364,4729
8365,4730
8366,4731
8370,4732
8371,4733
8371,4734
8373,4735
8692,4735
8376,4736
8381,4737
8709,4737
8382,4738
8383,4739
8384,4740
8388,4741
8389,4742
8390,4743
8395,4744
8395,4745
8400,4746
8401,4747
8402,4748
8403,4749
8404,4750
8407,4751
8408,4752
8408,4753
8409,4754
8718,4754
8410,4755
8411,4756
8413,4757
8413,4758
8418,4759
8418,4760
8419,4761
8420,4762
8588,4762
8421,4763
8426,4764
8428,4765
8433,4766
8437,4767
8439,4768
8441,4769
8441,4770
8442,4771
8447,4772
8749,4772
8448,4773
8449,4774
8450,4775
8451,4776
8452,4777
8453,4778
8456,4779
8457,4780
8458,4781
8458,4782
8460,4783
8463,4784
8464,4785
8465,4786
8466,4787
8467,4788
8467,4789
8468,4790
8469,4791
8471,4792
8471,4793
8474,4794
8476,4795
8478,4796
8479,4797
8480,4798
8480,4799
8481,4800
8484,4801
8485,4802
8486,4803
8699,4803
8488,4804
8489,4805
8490,4806
8493,4807
8495,4808
8496,4809
8497,4810
8501,4811
8506,4812
8508,4813
8508,4814
8510,4815
8515,4816
8517,4817
8518,4818
8521,4819
8522,4820
8523,4821
8525,4822
8525,4823
8528,4824
8529,4825
8529,4826
8530,4827
8531,4828
8533,4829
8535,4830
8536,4831
8538,4832
8538,4833
8539,4834
8541,4835
8547,4836
8547,4837
8549,4838
8551,4839
8553,4840
8554,4841
8559,4842
8560,4843
8562,4844
8563,4845
8564,4846
8565,4847
8566,4848
8567,4849
8569,4850
8571,4851
8572,4852
8573,4853
8574,4854
8577,4855
8578,4856
8579,4857
8580,4858
8583,4859
8584,4860
8587,4861
8588,4862
8590,4863
8595,4864
8596,4865
8598,4866
8598,4867
8598,4868
8599,4869
8600,4870
8602,4871
8603,4872
8604,4873
8607,4874
8613,4875
8616,4876
8617,4877
8619,4878
8621,4879
8621,4880
8622,4881
8623,4882
8625,4882
8624,4883
8628,4884
8631,4885
8632,4886
8633,4887
8633,4888
8635,4889
8636,4890
8637,4891
8641,4892
8641,4893
8641,4894
8642,4895
8644,4896
8646,4897
8649,4898
8651,4899
8651,4900
8655,4901
8656,4902
8657,4903
8658,4904
8659,4905
8663,4906
8664,4907
8665,4908
8792,4908
8666,4909
8668,4910
8673,4911
8674,4912
8675,4913
8676,4914
8677,4915
8678,4916
8679,4917
8681,4918
8682,4919
8684,4920
8686,4921
8687,4922
8688,4923
8690,4924
8693,4925
8693,4926
8694,4927
8694,4928
8695,4929
8696,4930
8698,4931
8700,4932
8702,4933
8703,4934
8704,4935
8706,4936
8707,4937
8710,4938
8712,4939
8714,4940
8715,4941
8715,4942
8715,4943
8716,4944
8717,4945
8719,4946
8720,4947
8724,4948
8725,4949
8728,4950
8728,4951
8729,4952
8729,4953
8730,4954
8733,4955
8735,4956
8738,4957
8738,4958
8739,4959
8740,4960
8744,4961
8745,4962
8746,4963
8747,4964
8751,4965
8752,4966
8753,4967
8754,4968
8755,4969
8760,4970
8761,4971
8762,4972
8765,4973
8766,4974
8766,4975
8766,4976
8770,4977
8775,4978
8777,4979
8778,4980
8779,4980
8780,4981
8782,4982
8787,4983
8789,4984
8793,4985
8799,4986
8802,4987
8806,4988
8807,4989
