show_id,duration
1,90 min
7,91 min
8,125 min
10,104 min
13,127 min
14,91 min
17,67 min
19,94 min
23,161 min
24,61 min
25,166 min
27,147 min
28,103 min
29,97 min
30,106 min
31,111 min
36,110 min
37,105 min
39,96 min
42,124 min
43,116 min
44,98 min
45,91 min
46,23 min
47,115 min
49,122 min
52,99 min
53,99 min
54,88 min
55,100 min
57,102 min
58,93 min
59,96 min
60,95 min
61,85 min
62,97 min
63,95 min
64,83 min
65,103 min
69,113 min
72,13 min
74,182 min
76,106 min
78,48 min
79,145 min
80,145 min
81,93 min
82,106 min
85,147 min
87,87 min
89,96 min
91,95 min
92,92 min
94,91 min
95,90 min
97,97 min
102,80 min
104,117 min
106,128 min
108,90 min
113,119 min
114,110 min
115,143 min
116,119 min
117,114 min
118,94 min
119,106 min
120,99 min
123,118 min
127,115 min
128,95 min
129,115 min
130,108 min
131,63 min
132,117 min
134,121 min
135,142 min
136,113 min
137,154 min
138,95 min
139,108 min
140,120 min
141,100 min
142,82 min
143,124 min
144,114 min
145,104 min
146,94 min
147,94 min
150,93 min
151,97 min
152,109 min
153,88 min
156,101 min
157,105 min
158,102 min
159,101 min
160,103 min
162,106 min
163,118 min
164,86 min
165,121 min
167,229 min
168,76 min
169,95 min
170,98 min
171,89 min
172,120 min
173,110 min
174,83 min
175,121 min
176,105 min
177,94 min
178,156 min
179,112 min
180,95 min
181,107 min
183,114 min
184,129 min
186,86 min
189,97 min
191,125 min
192,107 min
193,127 min
196,128 min
197,92 min
200,135 min
201,124 min
202,136 min
203,165 min
204,124 min
205,136 min
206,150 min
207,112 min
208,119 min
209,133 min
210,142 min
211,93 min
212,113 min
215,124 min
216,116 min
217,106 min
218,145 min
222,93 min
228,95 min
229,108 min
230,90 min
231,86 min
232,92 min
234,82 min
236,70 min
237,122 min
238,122 min
239,122 min
240,122 min
241,84 min
245,96 min
247,115 min
248,110 min
250,88 min
251,102 min
252,91 min
253,105 min
254,135 min
256,86 min
257,140 min
258,133 min
259,92 min
260,82 min
262,97 min
263,78 min
265,94 min
268,121 min
269,97 min
271,110 min
279,64 min
280,59 min
282,101 min
283,127 min
284,90 min
285,114 min
286,108 min
291,70 min
293,98 min
294,86 min
295,139 min
296,111 min
299,115 min
300,102 min
301,100 min
302,135 min
303,69 min
304,95 min
305,97 min
306,124 min
307,118 min
308,115 min
309,115 min
315,104 min
316,106 min
318,102 min
319,97 min
326,87 min
327,88 min
328,114 min
329,90 min
330,142 min
331,90 min
333,105 min
334,103 min
335,116 min
336,113 min
338,99 min
340,96 min
341,148 min
342,189 min
343,97 min
344,102 min
345,99 min
346,85 min
347,112 min
348,91 min
349,91 min
350,141 min
351,130 min
352,98 min
353,105 min
354,101 min
355,105 min
356,118 min
357,97 min
358,102 min
359,114 min
360,111 min
361,125 min
363,76 min
364,118 min
366,103 min
368,114 min
372,95 min
373,138 min
374,112 min
375,94 min
376,102 min
378,92 min
379,81 min
384,143 min
385,86 min
388,132 min
390,117 min
393,165 min
394,91 min
395,97 min
396,97 min
397,123 min
399,94 min
403,111 min
405,85 min
406,65 min
407,64 min
408,68 min
409,67 min
410,66 min
411,64 min
412,64 min
413,65 min
414,64 min
415,68 min
416,68 min
417,64 min
418,62 min
419,63 min
420,69 min
421,70 min
422,63 min
423,68 min
424,74 min
425,68 min
427,99 min
428,90 min
429,87 min
430,105 min
433,106 min
434,102 min
437,91 min
438,88 min
439,107 min
440,101 min
442,114 min
444,123 min
446,94 min
447,105 min
448,117 min
449,115 min
450,124 min
451,131 min
452,122 min
453,113 min
455,91 min
456,100 min
458,93 min
459,90 min
461,86 min
462,100 min
463,96 min
464,95 min
465,115 min
468,100 min
469,102 min
470,87 min
471,39 min
472,110 min
474,93 min
475,96 min
476,93 min
477,93 min
480,111 min
481,105 min
482,101 min
484,102 min
485,46 min
486,89 min
487,94 min
490,104 min
492,97 min
493,91 min
495,106 min
496,38 min
497,90 min
499,87 min
501,138 min
502,105 min
503,104 min
506,85 min
507,92 min
508,108 min
509,95 min
519,105 min
529,116 min
530,124 min
532,101 min
535,95 min
542,128 min
543,143 min
551,107 min
552,136 min
553,94 min
555,136 min
556,126 min
557,116 min
558,100 min
559,115 min
560,125 min
561,39 min
562,94 min
563,90 min
564,95 min
565,155 min
567,98 min
568,108 min
569,96 min
570,117 min
571,118 min
573,103 min
574,94 min
575,93 min
576,115 min
577,120 min
579,145 min
580,126 min
581,96 min
582,101 min
583,118 min
584,109 min
585,89 min
586,106 min
587,101 min
590,101 min
592,123 min
593,106 min
594,89 min
595,128 min
596,85 min
597,89 min
598,108 min
599,105 min
600,133 min
601,129 min
602,127 min
603,113 min
604,112 min
605,130 min
606,100 min
607,103 min
608,85 min
609,124 min
610,103 min
611,121 min
612,89 min
613,92 min
614,112 min
615,114 min
616,116 min
617,110 min
619,98 min
620,98 min
623,100 min
624,90 min
625,92 min
630,82 min
631,97 min
633,90 min
634,76 min
635,83 min
636,101 min
637,109 min
642,97 min
644,87 min
645,94 min
646,89 min
647,88 min
650,108 min
651,96 min
652,84 min
653,70 min
655,125 min
656,119 min
657,105 min
671,133 min
672,140 min
673,120 min
684,135 min
686,111 min
688,159 min
689,119 min
690,139 min
691,137 min
694,101 min
695,13 min
696,12 min
699,101 min
702,96 min
703,122 min
705,95 min
706,89 min
709,98 min
712,119 min
713,138 min
717,104 min
718,273 min
719,101 min
722,99 min
723,84 min
725,82 min
728,97 min
729,89 min
730,36 min
731,34 min
733,36 min
736,113 min
737,110 min
739,36 min
740,102 min
741,86 min
742,91 min
743,117 min
744,99 min
746,77 min
747,97 min
748,106 min
751,97 min
753,104 min
755,110 min
756,61 min
757,98 min
758,74 min
760,60 min
761,60 min
763,103 min
765,94 min
766,112 min
767,49 min
769,111 min
770,58 min
771,72 min
774,78 min
775,101 min
776,110 min
777,94 min
778,70 min
780,118 min
782,99 min
783,103 min
784,95 min
785,93 min
787,101 min
788,101 min
789,89 min
791,109 min
792,104 min
793,90 min
794,109 min
795,145 min
797,88 min
798,132 min
799,109 min
800,133 min
801,85 min
802,104 min
803,99 min
805,93 min
807,204 min
808,212 min
809,98 min
810,101 min
811,94 min
812,25 min
813,99 min
815,108 min
816,106 min
817,128 min
818,104 min
819,127 min
820,136 min
822,97 min
823,88 min
824,97 min
825,97 min
827,88 min
828,103 min
829,97 min
830,88 min
835,97 min
837,118 min
839,70 min
840,91 min
841,92 min
842,120 min
845,73 min
846,110 min
847,94 min
850,61 min
851,131 min
852,131 min
853,131 min
854,148 min
855,29 min
857,107 min
859,99 min
860,92 min
861,91 min
862,47 min
864,88 min
865,116 min
866,109 min
867,92 min
868,87 min
871,101 min
872,140 min
873,89 min
874,81 min
876,116 min
878,99 min
879,107 min
882,107 min
883,90 min
886,104 min
888,100 min
889,32 min
890,102 min
892,105 min
893,107 min
894,64 min
895,99 min
896,102 min
899,126 min
900,119 min
902,86 min
904,122 min
905,95 min
906,104 min
907,118 min
908,85 min
910,98 min
911,99 min
913,35 min
914,107 min
915,97 min
916,112 min
917,118 min
918,109 min
923,109 min
925,88 min
927,97 min
929,97 min
930,99 min
931,95 min
932,91 min
933,115 min
934,93 min
935,109 min
936,96 min
938,78 min
939,87 min
940,76 min
941,76 min
942,71 min
943,138 min
944,113 min
945,94 min
946,89 min
947,121 min
948,127 min
949,94 min
950,89 min
951,136 min
952,89 min
953,99 min
954,93 min
955,85 min
956,102 min
957,101 min
959,113 min
960,128 min
962,114 min
963,85 min
965,121 min
967,95 min
970,121 min
971,116 min
972,91 min
974,149 min
975,113 min
976,33 min
977,127 min
978,101 min
979,102 min
980,102 min
981,107 min
982,123 min
983,98 min
984,95 min
985,101 min
986,104 min
987,104 min
988,103 min
990,111 min
991,102 min
992,15 min
993,54 min
995,120 min
996,106 min
997,116 min
999,58 min
1000,116 min
1001,126 min
1002,86 min
1003,97 min
1006,76 min
1007,80 min
1008,81 min
1009,84 min
1010,87 min
1011,91 min
1012,76 min
1014,132 min
1016,126 min
1017,101 min
1018,102 min
1019,147 min
1020,224 min
1021,141 min
1022,109 min
1023,162 min
1024,142 min
1025,93 min
1027,60 min
1028,119 min
1029,37 min
1030,96 min
1031,116 min
1032,102 min
1034,123 min
1035,102 min
1036,127 min
1037,88 min
1038,106 min
1040,65 min
1042,96 min
1047,88 min
1051,143 min
1053,137 min
1054,75 min
1055,71 min
1056,103 min
1067,130 min
1070,145 min
1071,84 min
1072,84 min
1073,77 min
1074,86 min
1075,79 min
1077,80 min
1078,81 min
1079,78 min
1081,118 min
1084,102 min
1086,132 min
1087,108 min
1088,133 min
1089,107 min
1090,32 min
1091,78 min
1093,55 min
1097,92 min
1098,86 min
1099,140 min
1100,143 min
1101,88 min
1102,89 min
1103,93 min
1104,97 min
1105,94 min
1106,112 min
1107,100 min
1108,120 min
1109,91 min
1110,98 min
1111,113 min
1112,98 min
1113,91 min
1114,158 min
1115,164 min
1116,133 min
1118,75 min
1119,103 min
1120,90 min
1121,116 min
1122,96 min
1123,121 min
1125,101 min
1127,173 min
1129,89 min
1131,182 min
1132,181 min
1133,185 min
1134,99 min
1135,88 min
1136,107 min
1137,114 min
1138,96 min
1139,149 min
1140,102 min
1141,83 min
1142,98 min
1143,83 min
1145,104 min
1146,111 min
1148,98 min
1151,93 min
1152,73 min
1154,141 min
1155,116 min
1156,21 min
1157,98 min
1158,87 min
1160,87 min
1161,95 min
1162,87 min
1163,93 min
1165,97 min
1166,114 min
1168,100 min
1171,105 min
1172,90 min
1173,60 min
1176,98 min
1177,108 min
1178,90 min
1179,102 min
1184,84 min
1185,120 min
1186,106 min
1188,115 min
1189,98 min
1190,60 min
1191,113 min
1192,101 min
1193,24 min
1194,51 min
1195,80 min
1196,100 min
1198,139 min
1199,74 min
1200,131 min
1203,131 min
1204,118 min
1205,87 min
1208,101 min
1209,97 min
1210,92 min
1212,136 min
1213,97 min
1215,103 min
1216,110 min
1217,105 min
1219,90 min
1220,107 min
1221,92 min
1222,94 min
1223,99 min
1229,97 min
1231,151 min
1233,108 min
1234,113 min
1237,81 min
1238,116 min
1240,119 min
1241,116 min
1242,112 min
1244,121 min
1245,115 min
1248,182 min
1249,98 min
1250,96 min
1251,42 min
1252,181 min
1253,100 min
1254,22 min
1255,134 min
1256,177 min
1257,94 min
1259,88 min
1260,119 min
1261,107 min
1262,112 min
1263,35 min
1264,103 min
1265,90 min
1266,120 min
1267,97 min
1268,102 min
1270,106 min
1274,119 min
1277,84 min
1279,58 min
1280,90 min
1281,109 min
1282,143 min
1284,112 min
1285,134 min
1287,123 min
1288,36 min
1289,123 min
1290,58 min
1291,118 min
1292,91 min
1293,76 min
1296,97 min
1298,85 min
1304,92 min
1305,139 min
1306,162 min
1308,92 min
1310,86 min
1312,107 min
1313,85 min
1316,83 min
1317,104 min
1319,116 min
1320,87 min
1323,91 min
1324,119 min
1325,102 min
1326,86 min
1327,102 min
1328,98 min
1330,99 min
1331,108 min
1334,114 min
1335,104 min
1337,88 min
1338,104 min
1341,123 min
1342,106 min
1343,138 min
1344,113 min
1345,107 min
1346,133 min
1347,97 min
1348,116 min
1352,123 min
1354,89 min
1358,93 min
1359,139 min
1360,112 min
1365,101 min
1367,113 min
1368,89 min
1369,107 min
1370,123 min
1371,113 min
1373,90 min
1375,52 min
1377,127 min
1379,95 min
1380,121 min
1382,108 min
1383,102 min
1387,95 min
1388,133 min
1389,127 min
1390,95 min
1391,101 min
1392,123 min
1394,89 min
1397,100 min
1398,108 min
1399,94 min
1400,103 min
1404,105 min
1406,116 min
1407,92 min
1408,65 min
1410,115 min
1411,96 min
1412,32 min
1413,102 min
1414,102 min
1415,101 min
1416,71 min
1418,81 min
1419,98 min
1421,90 min
1422,112 min
1423,161 min
1424,129 min
1425,85 min
1426,14 min
1427,148 min
1429,99 min
1432,97 min
1434,101 min
1435,89 min
1436,128 min
1437,76 min
1439,99 min
1442,126 min
1445,106 min
1446,101 min
1447,87 min
1448,111 min
1451,90 min
1452,91 min
1453,101 min
1454,96 min
1455,96 min
1457,148 min
1459,96 min
1460,98 min
1462,104 min
1465,53 min
1467,54 min
1468,113 min
1469,102 min
1470,118 min
1471,83 min
1472,77 min
1473,116 min
1475,116 min
1476,106 min
1482,105 min
1485,8 min
1486,110 min
1487,71 min
1489,91 min
1491,46 min
1492,109 min
1494,102 min
1495,101 min
1496,94 min
1497,110 min
1498,117 min
1499,85 min
1500,119 min
1501,115 min
1502,105 min
1503,68 min
1505,57 min
1508,28 min
1510,98 min
1511,95 min
1512,96 min
1513,66 min
1514,112 min
1516,84 min
1518,94 min
1519,32 min
1520,98 min
1522,85 min
1523,120 min
1524,83 min
1525,94 min
1526,102 min
1527,111 min
1530,90 min
1532,111 min
1535,110 min
1537,87 min
1538,132 min
1541,117 min
1543,50 min
1545,106 min
1550,125 min
1551,107 min
1554,59 min
1557,28 min
1558,9 min
1559,91 min
1561,132 min
1562,133 min
1564,109 min
1566,107 min
1567,111 min
1568,108 min
1569,105 min
1572,119 min
1576,104 min
1577,83 min
1578,90 min
1581,79 min
1582,24 min
1583,115 min
1585,97 min
1589,26 min
1592,46 min
1593,106 min
1595,113 min
1596,133 min
1598,93 min
1599,108 min
1600,96 min
1601,25 min
1602,101 min
1603,106 min
1605,54 min
1607,118 min
1608,58 min
1609,117 min
1610,48 min
1611,139 min
1613,115 min
1614,109 min
1617,91 min
1618,60 min
1621,102 min
1622,120 min
1625,149 min
1627,91 min
1630,99 min
1631,106 min
1632,108 min
1633,45 min
1634,93 min
1636,22 min
1637,81 min
1638,98 min
1643,100 min
1644,112 min
1645,114 min
1646,68 min
1647,103 min
1648,121 min
1649,95 min
1651,87 min
1652,115 min
1653,171 min
1654,171 min
1656,46 min
1657,117 min
1658,84 min
1660,98 min
1661,83 min
1663,97 min
1664,99 min
1665,108 min
1666,93 min
1667,42 min
1670,13 min
1672,64 min
1674,162 min
1675,130 min
1676,108 min
1677,129 min
1678,105 min
1679,133 min
1680,142 min
1681,128 min
1682,97 min
1683,107 min
1684,135 min
1686,84 min
1687,70 min
1690,124 min
1691,102 min
1692,84 min
1695,95 min
1696,84 min
1700,120 min
1701,87 min
1703,75 min
1704,124 min
1705,92 min
1706,95 min
1708,107 min
1710,123 min
1711,85 min
1713,150 min
1714,97 min
1715,88 min
1720,74 min
1721,93 min
1726,151 min
1728,82 min
1729,148 min
1730,95 min
1732,90 min
1733,103 min
1735,87 min
1736,102 min
1737,96 min
1739,87 min
1740,86 min
1742,136 min
1743,60 min
1744,127 min
1745,96 min
1746,15 min
1748,100 min
1750,87 min
1752,28 min
1753,27 min
1754,90 min
1762,102 min
1763,94 min
1764,81 min
1765,134 min
1768,114 min
1769,107 min
1771,107 min
1773,130 min
1775,87 min
1776,93 min
1777,114 min
1778,91 min
1781,116 min
1784,93 min
1785,106 min
1786,105 min
1787,50 min
1788,93 min
1789,103 min
1790,114 min
1793,95 min
1794,50 min
1796,150 min
1797,100 min
1798,117 min
1799,87 min
1802,100 min
1803,86 min
1806,102 min
1807,87 min
1808,103 min
1809,112 min
1810,120 min
1811,111 min
1812,78 min
1813,51 min
1815,123 min
1816,46 min
1817,102 min
1818,106 min
1819,112 min
1820,101 min
1821,96 min
1822,103 min
1823,94 min
1824,69 min
1825,81 min
1826,76 min
1827,108 min
1828,94 min
1830,106 min
1831,98 min
1832,93 min
1833,99 min
1834,93 min
1836,82 min
1837,107 min
1839,104 min
1843,130 min
1844,83 min
1845,99 min
1846,77 min
1847,94 min
1850,118 min
1851,87 min
1854,42 min
1856,101 min
1857,80 min
1858,110 min
1859,117 min
1860,47 min
1862,165 min
1863,134 min
1864,140 min
1866,150 min
1867,156 min
1868,86 min
1870,126 min
1871,100 min
1872,25 min
1873,124 min
1875,100 min
1877,106 min
1880,104 min
1882,96 min
1883,90 min
1884,33 min
1885,81 min
1887,84 min
1888,44 min
1889,115 min
1892,94 min
1893,22 min
1897,107 min
1898,115 min
1899,93 min
1900,107 min
1901,86 min
1902,112 min
1903,102 min
1904,91 min
1905,83 min
1906,73 min
1910,139 min
1912,95 min
1913,101 min
1914,75 min
1917,87 min
1920,91 min
1921,120 min
1922,123 min
1925,95 min
1927,84 min
1928,29 min
1931,28 min
1932,122 min
1933,28 min
1935,98 min
1936,59 min
1937,80 min
1938,103 min
1939,104 min
1940,146 min
1941,135 min
1942,129 min
1943,115 min
1944,143 min
1945,173 min
1946,129 min
1947,149 min
1951,98 min
1954,115 min
1957,44 min
1958,127 min
1960,124 min
1961,85 min
1963,20 min
1964,102 min
1965,129 min
1966,124 min
1967,118 min
1968,111 min
1969,125 min
1970,94 min
1971,130 min
1972,117 min
1973,137 min
1975,139 min
1976,111 min
1977,103 min
1978,120 min
1982,98 min
1983,130 min
1985,96 min
1986,61 min
1987,137 min
1988,90 min
1993,69 min
1996,139 min
1997,94 min
1998,92 min
2000,80 min
2001,63 min
2002,88 min
2004,105 min
2005,93 min
2006,140 min
2008,103 min
2011,102 min
2012,93 min
2015,69 min
2016,133 min
2017,157 min
2018,116 min
2019,112 min
2020,96 min
2021,127 min
2024,130 min
2025,93 min
2026,138 min
2027,138 min
2028,92 min
2029,110 min
2030,102 min
2031,113 min
2032,96 min
2035,108 min
2036,94 min
2037,99 min
2039,86 min
2040,98 min
2042,111 min
2044,97 min
2046,135 min
2047,93 min
2049,94 min
2050,117 min
2051,63 min
2052,73 min
2053,91 min
2056,93 min
2057,101 min
2058,93 min
2060,96 min
2061,112 min
2062,72 min
2066,112 min
2068,72 min
2072,92 min
2073,109 min
2075,155 min
2076,109 min
2077,115 min
2078,97 min
2080,103 min
2082,24 min
2083,110 min
2084,97 min
2085,94 min
2088,107 min
2089,97 min
2091,103 min
2092,88 min
2093,111 min
2095,94 min
2096,33 min
2098,107 min
2101,110 min
2104,98 min
2105,81 min
2108,104 min
2110,17 min
2111,121 min
2112,100 min
2115,70 min
2116,97 min
2117,75 min
2118,102 min
2120,88 min
2121,158 min
2122,102 min
2127,203 min
2129,59 min
2130,92 min
2131,104 min
2132,72 min
2133,113 min
2138,93 min
2139,119 min
2140,105 min
2142,113 min
2143,93 min
2144,44 min
2147,110 min
2148,113 min
2150,90 min
2151,82 min
2155,69 min
2156,46 min
2160,94 min
2162,72 min
2164,95 min
2165,101 min
2167,21 min
2168,71 min
2170,64 min
2172,92 min
2173,80 min
2177,104 min
2178,25 min
2180,111 min
2183,72 min
2184,99 min
2186,83 min
2187,150 min
2188,108 min
2189,44 min
2192,102 min
2194,137 min
2196,112 min
2197,102 min
2198,103 min
2199,136 min
2200,41 min
2201,88 min
2203,84 min
2205,114 min
2206,110 min
2207,103 min
2208,106 min
2209,46 min
2210,115 min
2211,140 min
2212,124 min
2214,133 min
2216,91 min
2217,30 min
2220,67 min
2221,105 min
2222,58 min
2225,87 min
2229,100 min
2232,95 min
2233,90 min
2234,102 min
2235,98 min
2237,68 min
2240,104 min
2241,89 min
2243,62 min
2244,86 min
2245,104 min
2248,101 min
2249,17 min
2251,126 min
2253,120 min
2257,89 min
2258,96 min
2260,91 min
2261,86 min
2262,67 min
2263,89 min
2264,65 min
2265,151 min
2266,116 min
2267,110 min
2268,123 min
2269,139 min
2270,95 min
2271,121 min
2272,127 min
2273,162 min
2274,128 min
2275,112 min
2277,125 min
2278,128 min
2279,120 min
2280,86 min
2281,107 min
2282,129 min
2283,135 min
2284,97 min
2285,125 min
2286,162 min
2287,136 min
2288,138 min
2289,126 min
2290,137 min
2291,114 min
2292,96 min
2295,107 min
2296,89 min
2297,94 min
2301,148 min
2303,82 min
2305,95 min
2309,120 min
2310,115 min
2311,107 min
2312,105 min
2313,134 min
2315,128 min
2316,103 min
2317,96 min
2318,114 min
2320,102 min
2322,52 min
2324,86 min
2325,104 min
2326,76 min
2327,135 min
2329,99 min
2331,124 min
2333,117 min
2334,107 min
2335,111 min
2336,116 min
2337,135 min
2339,126 min
2340,164 min
2341,166 min
2342,104 min
2343,94 min
2345,92 min
2346,52 min
2348,112 min
2349,90 min
2351,101 min
2352,84 min
2354,112 min
2355,136 min
2356,108 min
2357,110 min
2359,93 min
2361,90 min
2362,130 min
2364,128 min
2365,104 min
2366,131 min
2367,109 min
2368,129 min
2369,73 min
2370,104 min
2371,48 min
2372,114 min
2373,86 min
2374,194 min
2375,76 min
2376,116 min
2377,130 min
2378,85 min
2380,108 min
2381,81 min
2382,76 min
2383,92 min
2385,85 min
2386,85 min
2387,108 min
2388,120 min
2390,117 min
2392,100 min
2393,101 min
2394,156 min
2398,55 min
2399,96 min
2403,104 min
2404,101 min
2408,113 min
2411,126 min
2412,98 min
2413,114 min
2414,132 min
2415,92 min
2417,90 min
2419,86 min
2420,103 min
2421,114 min
2422,115 min
2425,149 min
2426,96 min
2428,102 min
2429,105 min
2430,114 min
2431,94 min
2432,83 min
2434,106 min
2435,116 min
2436,109 min
2437,97 min
2438,100 min
2439,116 min
2440,111 min
2441,24 min
2442,95 min
2443,135 min
2444,95 min
2446,92 min
2447,100 min
2449,80 min
2452,98 min
2455,104 min
2456,98 min
2457,104 min
2458,99 min
2459,68 min
2461,106 min
2464,71 min
2465,80 min
2466,116 min
2468,112 min
2469,73 min
2470,110 min
2472,135 min
2475,128 min
2476,93 min
2478,149 min
2479,54 min
2480,87 min
2482,102 min
2483,177 min
2484,204 min
2485,233 min
2486,98 min
2488,237 min
2489,230 min
2490,173 min
2491,195 min
2492,253 min
2493,157 min
2494,97 min
2495,85 min
2497,94 min
2498,80 min
2499,94 min
2501,92 min
2502,105 min
2503,120 min
2504,96 min
2505,107 min
2506,93 min
2507,101 min
2510,110 min
2511,112 min
2512,93 min
2513,109 min
2514,105 min
2517,97 min
2521,91 min
2522,88 min
2532,109 min
2533,118 min
2534,109 min
2535,131 min
2536,91 min
2537,152 min
2538,67 min
2539,72 min
2540,83 min
2541,90 min
2542,106 min
2544,190 min
2545,129 min
2546,160 min
2548,86 min
2550,92 min
2551,114 min
2556,90 min
2557,94 min
2559,86 min
2560,89 min
2561,107 min
2562,61 min
2563,93 min
2564,81 min
2565,120 min
2567,94 min
2568,91 min
2571,104 min
2572,76 min
2573,90 min
2574,103 min
2577,122 min
2578,97 min
2579,98 min
2580,42 min
2582,90 min
2583,91 min
2585,94 min
2588,107 min
2590,143 min
2592,105 min
2593,116 min
2594,23 min
2595,23 min
2596,23 min
2597,105 min
2598,97 min
2602,105 min
2605,83 min
2606,109 min
2608,111 min
2609,97 min
2611,132 min
2613,102 min
2614,107 min
2615,100 min
2616,115 min
2617,104 min
2618,110 min
2619,100 min
2620,111 min
2621,108 min
2622,104 min
2623,116 min
2624,106 min
2625,96 min
2626,140 min
2627,107 min
2630,138 min
2631,132 min
2633,208 min
2634,105 min
2635,101 min
2636,124 min
2637,93 min
2638,110 min
2639,115 min
2643,107 min
2645,72 min
2647,107 min
2648,95 min
2650,180 min
2651,135 min
2653,87 min
2654,94 min
2655,105 min
2656,93 min
2657,92 min
2664,144 min
2668,101 min
2669,81 min
2672,95 min
2673,119 min
2674,121 min
2675,88 min
2678,106 min
2679,119 min
2680,63 min
2681,82 min
2682,95 min
2683,93 min
2684,120 min
2686,147 min
2687,55 min
2688,107 min
2689,92 min
2690,85 min
2691,98 min
2693,92 min
2694,101 min
2695,112 min
2696,103 min
2698,91 min
2701,96 min
2702,104 min
2703,66 min
2704,83 min
2705,111 min
2706,90 min
2707,121 min
2708,121 min
2710,88 min
2712,57 min
2713,107 min
2714,5 min
2715,91 min
2716,174 min
2717,155 min
2718,87 min
2720,77 min
2721,142 min
2722,170 min
2723,165 min
2724,161 min
2725,144 min
2726,149 min
2727,135 min
2729,131 min
2730,126 min
2731,192 min
2732,209 min
2733,187 min
2734,138 min
2735,185 min
2736,143 min
2738,97 min
2739,172 min
2742,103 min
2745,83 min
2746,107 min
2748,114 min
2750,93 min
2751,85 min
2754,85 min
2755,131 min
2756,101 min
2757,107 min
2758,84 min
2759,104 min
2761,160 min
2763,103 min
2764,46 min
2767,112 min
2769,83 min
2770,72 min
2771,24 min
2772,104 min
2774,72 min
2776,113 min
2777,21 min
2779,100 min
2780,108 min
2781,99 min
2782,104 min
2783,70 min
2787,93 min
2790,95 min
2797,109 min
2799,91 min
2800,75 min
2801,100 min
2802,95 min
2804,113 min
2806,91 min
2807,62 min
2810,93 min
2811,135 min
2812,23 min
2813,23 min
2815,23 min
2816,101 min
2818,98 min
2820,103 min
2821,106 min
2823,95 min
2824,132 min
2829,82 min
2830,71 min
2831,16 min
2832,104 min
2833,79 min
2834,120 min
2835,82 min
2836,115 min
2837,111 min
2838,110 min
2840,121 min
2841,162 min
2843,108 min
2844,186 min
2845,116 min
2846,154 min
2848,105 min
2849,71 min
2850,61 min
2851,133 min
2852,98 min
2853,119 min
2854,61 min
2857,130 min
2859,11 min
2860,87 min
2861,127 min
2862,87 min
2863,88 min
2864,158 min
2865,82 min
2866,93 min
2867,90 min
2868,109 min
2870,72 min
2874,162 min
2877,98 min
2879,103 min
2880,97 min
2882,94 min
2883,101 min
2885,138 min
2886,109 min
2887,50 min
2888,110 min
2890,92 min
2896,120 min
2897,101 min
2898,116 min
2899,117 min
2900,95 min
2902,93 min
2904,122 min
2905,102 min
2906,96 min
2908,93 min
2909,93 min
2910,72 min
2912,87 min
2913,95 min
2914,33 min
2915,113 min
2916,118 min
2917,171 min
2919,100 min
2920,103 min
2925,86 min
2926,102 min
2928,81 min
2929,101 min
2930,73 min
2931,96 min
2933,106 min
2934,88 min
2935,103 min
2936,139 min
2937,89 min
2940,104 min
2941,124 min
2944,112 min
2947,70 min
2950,106 min
2951,97 min
2952,106 min
2953,60 min
2955,148 min
2956,122 min
2957,86 min
2958,193 min
2961,92 min
2962,94 min
2964,82 min
2965,59 min
2969,89 min
2970,176 min
2971,116 min
2973,86 min
2974,93 min
2976,85 min
2979,62 min
2982,112 min
2986,121 min
2987,133 min
2988,76 min
2989,82 min
2990,156 min
2991,90 min
2996,97 min
2997,51 min
3003,98 min
3004,61 min
3005,116 min
3007,132 min
3008,17 min
3009,91 min
3010,121 min
3015,78 min
3017,95 min
3018,86 min
3019,132 min
3020,107 min
3022,122 min
3023,95 min
3024,108 min
3026,99 min
3027,103 min
3028,66 min
3030,132 min
3032,56 min
3033,128 min
3039,119 min
3042,97 min
3044,92 min
3045,102 min
3047,90 min
3049,129 min
3052,106 min
3055,105 min
3058,78 min
3059,79 min
3060,78 min
3061,145 min
3062,71 min
3063,83 min
3065,81 min
3069,119 min
3070,98 min
3071,102 min
3073,88 min
3074,97 min
3078,110 min
3079,85 min
3081,90 min
3082,89 min
3090,120 min
3091,102 min
3092,73 min
3094,103 min
3095,79 min
3098,97 min
3099,91 min
3100,96 min
3101,103 min
3102,95 min
3103,83 min
3105,117 min
3106,70 min
3108,90 min
3110,86 min
3111,86 min
3113,113 min
3114,82 min
3115,141 min
3116,107 min
3117,126 min
3119,25 min
3124,63 min
3125,136 min
3126,120 min
3127,134 min
3132,185 min
3133,174 min
3134,169 min
3135,148 min
3136,135 min
3137,135 min
3139,89 min
3140,119 min
3141,98 min
3142,135 min
3143,185 min
3144,156 min
3145,104 min
3146,139 min
3148,140 min
3150,154 min
3151,129 min
3152,99 min
3153,100 min
3154,110 min
3155,107 min
3156,95 min
3157,89 min
3158,65 min
3159,143 min
3160,101 min
3161,60 min
3162,29 min
3163,92 min
3164,172 min
3165,97 min
3167,108 min
3168,107 min
3170,137 min
3171,106 min
3172,115 min
3173,46 min
3179,92 min
3180,93 min
3181,85 min
3182,24 min
3187,56 min
3189,86 min
3190,127 min
3191,93 min
3192,94 min
3194,120 min
3195,108 min
3196,135 min
3197,111 min
3198,134 min
3199,137 min
3201,103 min
3202,133 min
3203,95 min
3204,126 min
3206,67 min
3207,135 min
3208,106 min
3210,107 min
3211,81 min
3212,107 min
3214,118 min
3215,110 min
3216,104 min
3218,93 min
3219,94 min
3224,137 min
3225,134 min
3226,69 min
3227,106 min
3228,209 min
3229,86 min
3230,24 min
3232,46 min
3234,117 min
3235,87 min
3236,121 min
3238,97 min
3240,121 min
3241,56 min
3245,119 min
3249,93 min
3251,86 min
3252,134 min
3254,28 min
3255,131 min
3257,78 min
3260,93 min
3261,84 min
3262,107 min
3263,101 min
3265,107 min
3266,74 min
3267,60 min
3268,143 min
3269,105 min
3273,110 min
3274,98 min
3279,74 min
3281,46 min
3286,54 min
3290,59 min
3291,100 min
3293,88 min
3297,93 min
3298,94 min
3300,121 min
3301,78 min
3303,116 min
3304,87 min
3306,61 min
3308,98 min
3309,123 min
3310,85 min
3312,78 min
3313,103 min
3315,44 min
3316,68 min
3318,68 min
3319,69 min
3320,81 min
3321,69 min
3322,68 min
3323,68 min
3324,86 min
3325,40 min
3327,94 min
3330,90 min
3332,112 min
3333,101 min
3335,119 min
3336,40 min
3338,86 min
3339,92 min
3344,91 min
3347,36 min
3348,141 min
3349,107 min
3350,97 min
3351,24 min
3354,89 min
3355,65 min
3360,126 min
3363,63 min
3365,14 min
3366,28 min
3367,20 min
3372,106 min
3373,118 min
3375,127 min
3377,61 min
3380,86 min
3381,94 min
3384,82 min
3385,92 min
3387,52 min
3388,108 min
3389,67 min
3390,91 min
3391,66 min
3392,118 min
3393,87 min
3395,47 min
3396,56 min
3397,61 min
3398,34 min
3399,98 min
3400,99 min
3403,95 min
3406,100 min
3408,101 min
3409,86 min
3410,96 min
3412,99 min
3413,112 min
3414,127 min
3418,22 min
3419,78 min
3420,63 min
3422,97 min
3423,86 min
3425,62 min
3426,96 min
3428,104 min
3429,123 min
3430,100 min
3432,99 min
3433,151 min
3435,102 min
3437,154 min
3439,106 min
3440,87 min
3442,70 min
3443,46 min
3444,101 min
3447,109 min
3448,100 min
3449,110 min
3451,102 min
3452,102 min
3457,24 min
3460,98 min
3461,76 min
3466,90 min
3469,59 min
3470,58 min
3472,64 min
3473,79 min
3476,81 min
3477,81 min
3479,64 min
3480,45 min
3481,90 min
3483,102 min
3485,116 min
3486,42 min
3487,133 min
3488,108 min
3491,38 min
3493,146 min
3494,146 min
3495,106 min
3496,58 min
3497,152 min
3498,87 min
3499,121 min
3501,83 min
3508,111 min
3509,24 min
3510,171 min
3512,88 min
3513,76 min
3514,64 min
3515,94 min
3517,157 min
3518,83 min
3519,65 min
3521,105 min
3523,107 min
3524,103 min
3529,67 min
3530,96 min
3531,125 min
3532,142 min
3533,133 min
3534,100 min
3536,10 min
3537,128 min
3538,93 min
3539,81 min
3543,82 min
3545,47 min
3546,95 min
3548,84 min
3549,91 min
3550,102 min
3555,100 min
3556,98 min
3557,110 min
3558,85 min
3560,66 min
3561,92 min
3564,133 min
3565,135 min
3566,120 min
3567,118 min
3568,110 min
3569,98 min
3570,98 min
3571,98 min
3573,104 min
3574,63 min
3575,52 min
3581,72 min
3583,117 min
3584,100 min
3585,24 min
3587,86 min
3592,69 min
3594,119 min
3595,123 min
3596,93 min
3597,109 min
3600,66 min
3603,107 min
3604,46 min
3617,117 min
3618,67 min
3619,114 min
3620,67 min
3621,77 min
3622,105 min
3623,63 min
3624,59 min
3626,102 min
3627,81 min
3629,84 min
3630,101 min
3631,116 min
3632,177 min
3635,130 min
3636,59 min
3638,111 min
3639,100 min
3640,77 min
3642,93 min
3644,114 min
3646,58 min
3647,56 min
3648,110 min
3649,98 min
3650,106 min
3651,102 min
3653,81 min
3658,98 min
3659,136 min
3662,161 min
3663,32 min
3669,105 min
3671,106 min
3673,90 min
3676,87 min
3677,91 min
3679,106 min
3680,65 min
3682,105 min
3684,40 min
3694,66 min
3698,61 min
3699,122 min
3700,141 min
3702,176 min
3704,73 min
3707,87 min
3710,15 min
3712,55 min
3713,141 min
3714,122 min
3715,109 min
3716,63 min
3718,96 min
3719,113 min
3721,69 min
3729,87 min
3730,116 min
3731,116 min
3732,110 min
3733,122 min
3734,59 min
3735,88 min
3736,91 min
3739,40 min
3740,113 min
3741,90 min
3748,95 min
3754,98 min
3757,61 min
3758,117 min
3759,60 min
3760,142 min
3762,74 min
3764,119 min
3765,114 min
3766,125 min
3767,71 min
3768,110 min
3769,127 min
3772,118 min
3773,90 min
3774,130 min
3776,12 min
3777,62 min
3778,3 min
3782,114 min
3784,128 min
3786,109 min
3787,109 min
3789,101 min
3791,103 min
3792,98 min
3794,123 min
3796,38 min
3798,101 min
3799,99 min
3801,91 min
3803,30 min
3804,30 min
3805,137 min
3806,66 min
3810,70 min
3811,87 min
3812,88 min
3814,90 min
3815,84 min
3816,53 min
3817,87 min
3819,90 min
3820,96 min
3821,94 min
3823,108 min
3826,102 min
3828,61 min
3829,94 min
3830,70 min
3831,88 min
3833,100 min
3834,111 min
3835,128 min
3837,98 min
3842,104 min
3843,126 min
3858,86 min
3859,125 min
3860,40 min
3863,79 min
3864,110 min
3866,128 min
3867,110 min
3869,116 min
3870,119 min
3872,90 min
3873,88 min
3874,104 min
3875,140 min
3876,92 min
3878,64 min
3886,119 min
3889,91 min
3890,122 min
3891,125 min
3892,49 min
3895,168 min
3896,98 min
3897,77 min
3900,102 min
3904,92 min
3905,111 min
3906,113 min
3907,54 min
3908,138 min
3909,123 min
3910,59 min
3911,102 min
3912,141 min
3913,95 min
3914,111 min
3915,131 min
3916,116 min
3917,119 min
3918,146 min
3919,101 min
3920,87 min
3922,94 min
3923,133 min
3924,135 min
3925,61 min
3927,91 min
3930,59 min
3931,91 min
3933,131 min
3934,170 min
3936,88 min
3940,170 min
3946,92 min
3948,59 min
3949,126 min
3951,120 min
3952,76 min
3953,60 min
3955,103 min
3956,124 min
3958,91 min
3960,88 min
3961,81 min
3963,124 min
3964,102 min
3967,132 min
3968,87 min
3973,75 min
3974,126 min
3975,61 min
3976,126 min
3978,108 min
3979,100 min
3983,129 min
3984,71 min
3986,108 min
3988,60 min
3991,105 min
3992,115 min
3993,118 min
3994,130 min
3995,115 min
3996,69 min
3998,97 min
4000,61 min
4001,92 min
4003,108 min
4004,104 min
4005,65 min
4006,106 min
4008,69 min
4009,97 min
4010,80 min
4011,85 min
4012,98 min
4014,115 min
4018,117 min
4019,132 min
4020,127 min
4021,125 min
4022,128 min
4025,126 min
4026,58 min
4032,116 min
4034,90 min
4035,111 min
4037,100 min
4038,99 min
4039,105 min
4040,128 min
4041,91 min
4042,127 min
4046,94 min
4047,124 min
4048,103 min
4049,118 min
4050,162 min
4051,89 min
4052,89 min
4053,108 min
4054,103 min
4059,87 min
4060,93 min
4061,90 min
4062,131 min
4063,114 min
4065,107 min
4066,97 min
4067,103 min
4068,125 min
4069,130 min
4070,119 min
4071,110 min
4072,120 min
4073,102 min
4074,125 min
4075,127 min
4076,121 min
4077,113 min
4078,118 min
4079,132 min
4081,61 min
4082,80 min
4083,110 min
4084,70 min
4086,117 min
4087,89 min
4088,84 min
4089,131 min
4092,139 min
4093,42 min
4094,79 min
4095,96 min
4096,114 min
4097,99 min
4098,111 min
4099,112 min
4100,96 min
4101,103 min
4102,104 min
4103,102 min
4104,97 min
4107,132 min
4108,120 min
4109,137 min
4111,82 min
4113,115 min
4114,130 min
4116,62 min
4118,26 min
4121,91 min
4122,63 min
4124,74 min
4125,136 min
4129,59 min
4134,91 min
4135,93 min
4136,84 min
4137,100 min
4138,51 min
4139,22 min
4140,22 min
4141,22 min
4146,24 min
4147,113 min
4148,110 min
4149,120 min
4151,56 min
4152,127 min
4153,74 min
4154,91 min
4155,137 min
4156,86 min
4157,106 min
4158,125 min
4159,114 min
4160,143 min
4161,121 min
4162,119 min
4165,150 min
4166,88 min
4170,105 min
4171,119 min
4174,96 min
4176,95 min
4177,98 min
4178,96 min
4181,96 min
4182,90 min
4183,97 min
4186,90 min
4187,88 min
4188,105 min
4189,127 min
4191,125 min
4192,116 min
4193,102 min
4194,65 min
4195,106 min
4196,117 min
4198,136 min
4199,104 min
4204,65 min
4205,91 min
4206,99 min
4209,91 min
4210,117 min
4211,95 min
4212,101 min
4213,102 min
4214,122 min
4215,95 min
4218,92 min
4220,111 min
4222,115 min
4223,61 min
4224,97 min
4225,120 min
4226,148 min
4229,48 min
4230,28 min
4231,34 min
4232,61 min
4233,56 min
4234,81 min
4235,68 min
4236,58 min
4237,100 min
4238,50 min
4239,49 min
4240,71 min
4241,29 min
4242,108 min
4243,125 min
4244,100 min
4245,30 min
4246,30 min
4247,146 min
4248,127 min
4249,46 min
4250,57 min
4253,122 min
4254,312 min
4256,109 min
4259,73 min
4260,96 min
4268,105 min
4269,124 min
4276,105 min
4278,78 min
4279,22 min
4281,95 min
4282,82 min
4283,89 min
4284,90 min
4286,85 min
4287,29 min
4288,137 min
4290,27 min
4292,112 min
4293,112 min
4294,153 min
4295,123 min
4296,90 min
4298,84 min
4299,78 min
4300,79 min
4301,73 min
4302,83 min
4303,83 min
4304,145 min
4307,135 min
4314,35 min
4315,68 min
4316,96 min
4318,110 min
4319,58 min
4320,105 min
4323,59 min
4324,28 min
4325,98 min
4326,63 min
4329,155 min
4330,122 min
4331,87 min
4332,73 min
4333,98 min
4334,130 min
4335,105 min
4336,110 min
4337,81 min
4338,115 min
4339,113 min
4340,146 min
4342,118 min
4343,109 min
4344,117 min
4345,23 min
4346,95 min
4347,124 min
4348,90 min
4349,96 min
4350,96 min
4352,93 min
4353,30 min
4355,82 min
4356,127 min
4358,114 min
4359,119 min
4361,101 min
4362,96 min
4365,44 min
4370,104 min
4371,91 min
4374,91 min
4375,114 min
4376,91 min
4378,64 min
4379,89 min
4383,95 min
4384,94 min
4386,133 min
4387,102 min
4389,122 min
4391,86 min
4392,111 min
4393,111 min
4394,136 min
4395,121 min
4396,119 min
4397,115 min
4398,128 min
4399,92 min
4402,99 min
4403,106 min
4405,122 min
4412,129 min
4413,90 min
4415,116 min
4417,59 min
4418,95 min
4419,122 min
4420,98 min
4421,117 min
4422,95 min
4423,146 min
4424,136 min
4425,91 min
4426,123 min
4427,144 min
4428,121 min
4429,91 min
4430,158 min
4432,157 min
4433,124 min
4434,106 min
4435,92 min
4436,80 min
4438,126 min
4439,129 min
4440,133 min
4441,109 min
4442,143 min
4443,140 min
4444,150 min
4445,128 min
4446,120 min
4447,154 min
4448,45 min
4449,132 min
4450,126 min
4451,95 min
4452,135 min
4453,139 min
4454,131 min
4455,118 min
4456,129 min
4457,131 min
4458,146 min
4459,123 min
4460,141 min
4461,93 min
4463,91 min
4464,106 min
4465,131 min
4466,95 min
4467,104 min
4468,126 min
4469,118 min
4471,94 min
4472,100 min
4473,126 min
4474,90 min
4475,87 min
4476,97 min
4478,115 min
4481,93 min
4482,138 min
4483,74 min
4485,102 min
4487,104 min
4491,51 min
4492,50 min
4493,86 min
4494,140 min
4497,122 min
4498,23 min
4500,95 min
4501,121 min
4503,131 min
4506,63 min
4507,150 min
4508,159 min
4510,131 min
4511,130 min
4513,99 min
4514,86 min
4516,106 min
4517,57 min
4520,97 min
4523,144 min
4525,110 min
4526,57 min
4527,119 min
4529,94 min
4533,89 min
4534,124 min
4535,25 min
4538,121 min
4539,88 min
4540,111 min
4541,81 min
4542,64 min
4544,55 min
4545,137 min
4546,56 min
4547,58 min
4548,80 min
4549,94 min
4553,94 min
4555,72 min
4556,60 min
4557,140 min
4558,91 min
4559,97 min
4560,146 min
4561,118 min
4562,128 min
4563,137 min
4564,145 min
4565,141 min
4566,106 min
4567,135 min
4568,137 min
4569,129 min
4570,99 min
4572,155 min
4573,142 min
4574,214 min
4575,137 min
4576,128 min
4577,151 min
4578,121 min
4579,101 min
4580,145 min
4581,147 min
4582,90 min
4583,129 min
4584,129 min
4585,136 min
4586,117 min
4587,150 min
4588,134 min
4589,100 min
4590,44 min
4591,44 min
4592,111 min
4593,147 min
4594,115 min
4595,121 min
4596,103 min
4597,73 min
4598,129 min
4599,102 min
4600,122 min
4601,155 min
4602,139 min
4603,131 min
4604,127 min
4606,156 min
4607,91 min
4608,132 min
4610,130 min
4611,137 min
4612,156 min
4613,132 min
4614,119 min
4615,140 min
4616,126 min
4617,107 min
4618,111 min
4619,130 min
4620,126 min
4621,24 min
4625,108 min
4626,117 min
4627,101 min
4631,124 min
4632,63 min
4642,114 min
4643,98 min
4645,100 min
4647,100 min
4650,123 min
4654,77 min
4657,106 min
4658,106 min
4660,102 min
4661,146 min
4662,96 min
4666,104 min
4667,109 min
4668,110 min
4669,110 min
4670,101 min
4672,94 min
4676,101 min
4680,141 min
4681,120 min
4682,140 min
4684,50 min
4685,57 min
4687,31 min
4689,90 min
4691,110 min
4692,162 min
4693,139 min
4694,130 min
4695,145 min
4696,33 min
4698,114 min
4699,100 min
4700,54 min
4701,150 min
4702,105 min
4706,124 min
4707,95 min
4708,12 min
4709,104 min
4713,143 min
4714,127 min
4715,100 min
4716,74 min
4719,104 min
4720,148 min
4721,127 min
4722,158 min
4723,124 min
4724,163 min
4725,121 min
4726,154 min
4727,127 min
4728,128 min
4729,98 min
4730,109 min
4731,168 min
4732,162 min
4733,159 min
4734,137 min
4735,133 min
4736,127 min
4737,131 min
4738,90 min
4740,88 min
4741,87 min
4746,82 min
4747,86 min
4749,100 min
4750,57 min
4752,95 min
4754,101 min
4756,124 min
4757,72 min
4758,93 min
4761,92 min
4762,95 min
4766,133 min
4767,85 min
4769,105 min
4770,101 min
4771,88 min
4774,113 min
4775,71 min
4776,75 min
4782,66 min
4783,83 min
4784,110 min
4785,88 min
4786,77 min
4787,58 min
4788,69 min
4789,61 min
4790,88 min
4791,122 min
4792,60 min
4793,166 min
4794,107 min
4795,94 min
4796,87 min
4797,92 min
4798,130 min
4800,88 min
4801,128 min
4802,96 min
4803,94 min
4804,69 min
4806,90 min
4807,101 min
4809,77 min
4811,89 min
4812,90 min
4813,98 min
4815,66 min
4817,103 min
4818,95 min
4820,89 min
4821,74 min
4823,119 min
4824,70 min
4826,121 min
4827,106 min
4828,74 min
4829,106 min
4830,113 min
4831,119 min
4834,100 min
4835,110 min
4836,66 min
4840,126 min
4841,130 min
4843,110 min
4844,85 min
4848,117 min
4850,63 min
4851,94 min
4852,74 min
4855,58 min
4856,117 min
4859,89 min
4860,66 min
4861,158 min
4862,100 min
4864,64 min
4865,92 min
4867,63 min
4869,105 min
4871,67 min
4872,91 min
4873,92 min
4874,87 min
4876,100 min
4877,113 min
4878,40 min
4879,105 min
4881,94 min
4882,109 min
4883,99 min
4884,89 min
4885,92 min
4886,105 min
4887,130 min
4888,69 min
4889,98 min
4890,90 min
4891,65 min
4892,92 min
4893,19 min
4894,25 min
4895,22 min
4896,40 min
4897,22 min
4898,24 min
4900,101 min
4902,90 min
4903,96 min
4905,115 min
4906,92 min
4908,93 min
4910,95 min
4912,105 min
4913,117 min
4916,66 min
4917,97 min
4918,78 min
4919,102 min
4920,62 min
4921,97 min
4922,105 min
4923,79 min
4924,90 min
4928,107 min
4929,105 min
4930,99 min
4932,108 min
4933,66 min
4935,75 min
4936,96 min
4937,95 min
4938,32 min
4939,70 min
4940,94 min
4941,78 min
4944,91 min
4945,75 min
4946,105 min
4948,96 min
4949,132 min
4951,60 min
4953,171 min
4954,116 min
4955,169 min
4956,134 min
4957,159 min
4959,87 min
4960,103 min
4961,78 min
4963,62 min
4964,97 min
4966,102 min
4967,95 min
4970,115 min
4971,102 min
4972,99 min
4973,74 min
4975,100 min
4976,150 min
4978,87 min
4980,88 min
4982,63 min
4983,129 min
4984,91 min
4987,115 min
4988,140 min
4990,79 min
4991,104 min
4994,121 min
4996,40 min
4997,94 min
4999,58 min
5000,78 min
5002,51 min
5003,69 min
5004,104 min
5006,59 min
5007,94 min
5008,166 min
5009,155 min
5010,145 min
5011,106 min
5012,94 min
5013,127 min
5014,87 min
5015,185 min
5016,75 min
5017,89 min
5018,81 min
5019,47 min
5020,46 min
5021,125 min
5022,160 min
5023,110 min
5024,69 min
5025,67 min
5026,105 min
5029,127 min
5032,109 min
5034,134 min
5035,60 min
5038,96 min
5040,65 min
5041,133 min
5042,96 min
5043,95 min
5044,24 min
5045,97 min
5046,65 min
5048,102 min
5050,53 min
5051,116 min
5052,102 min
5053,86 min
5054,117 min
5056,96 min
5057,69 min
5059,108 min
5060,102 min
5061,61 min
5062,57 min
5063,49 min
5065,87 min
5067,59 min
5068,63 min
5069,69 min
5072,62 min
5073,108 min
5074,95 min
5075,99 min
5077,62 min
5079,60 min
5080,147 min
5081,153 min
5082,87 min
5084,124 min
5085,94 min
5086,100 min
5087,71 min
5088,60 min
5089,135 min
5092,97 min
5094,86 min
5095,91 min
5102,82 min
5103,102 min
5105,105 min
5107,106 min
5108,91 min
5109,61 min
5111,80 min
5114,118 min
5115,94 min
5116,84 min
5117,103 min
5118,69 min
5122,105 min
5123,128 min
5124,86 min
5125,109 min
5128,70 min
5130,89 min
5131,162 min
5132,163 min
5133,91 min
5134,27 min
5135,67 min
5136,142 min
5137,78 min
5138,26 min
5141,46 min
5143,81 min
5144,119 min
5147,99 min
5149,96 min
5152,128 min
5153,114 min
5154,101 min
5159,109 min
5161,51 min
5162,61 min
5163,73 min
5164,92 min
5165,94 min
5168,135 min
5172,66 min
5173,126 min
5177,54 min
5178,100 min
5180,81 min
5182,123 min
5183,144 min
5184,153 min
5187,141 min
5188,104 min
5189,97 min
5190,82 min
5191,98 min
5197,84 min
5198,76 min
5199,75 min
5200,93 min
5202,98 min
5203,91 min
5204,168 min
5205,68 min
5208,103 min
5210,95 min
5212,82 min
5213,94 min
5214,66 min
5215,135 min
5218,144 min
5219,90 min
5221,158 min
5223,83 min
5224,102 min
5225,52 min
5226,110 min
5227,85 min
5228,113 min
5229,88 min
5230,89 min
5231,59 min
5234,106 min
5235,66 min
5236,135 min
5239,93 min
5240,79 min
5241,107 min
5242,47 min
5249,118 min
5250,81 min
5253,103 min
5254,40 min
5256,103 min
5257,85 min
5261,104 min
5262,82 min
5265,112 min
5266,102 min
5267,101 min
5268,119 min
5269,62 min
5270,64 min
5271,137 min
5272,108 min
5274,78 min
5276,40 min
5277,71 min
5278,99 min
5280,60 min
5282,78 min
5283,98 min
5284,70 min
5291,148 min
5292,54 min
5293,92 min
5294,107 min
5295,90 min
5296,135 min
5297,151 min
5301,132 min
5303,95 min
5304,162 min
5305,163 min
5307,89 min
5308,28 min
5309,103 min
5310,160 min
5311,113 min
5312,86 min
5313,83 min
5314,113 min
5315,86 min
5316,57 min
5317,98 min
5318,116 min
5319,100 min
5320,51 min
5323,113 min
5324,124 min
5326,63 min
5327,56 min
5329,94 min
5330,90 min
5331,71 min
5332,97 min
5333,83 min
5334,92 min
5335,165 min
5336,166 min
5337,166 min
5338,159 min
5339,160 min
5340,159 min
5341,22 min
5342,105 min
5343,54 min
5344,121 min
5345,103 min
5347,129 min
5352,95 min
5354,80 min
5358,67 min
5359,84 min
5360,97 min
5362,86 min
5365,114 min
5369,84 min
5370,67 min
5371,91 min
5372,63 min
5374,116 min
5375,104 min
5376,14 min
5377,89 min
5378,108 min
5379,59 min
5380,74 min
5386,84 min
5388,97 min
5390,95 min
5392,116 min
5395,86 min
5397,153 min
5399,104 min
5401,163 min
5403,106 min
5409,148 min
5412,105 min
5416,121 min
5417,66 min
5418,102 min
5419,96 min
5420,89 min
5421,161 min
5424,24 min
5425,66 min
5427,91 min
5428,92 min
5430,104 min
5431,73 min
5432,47 min
5433,102 min
5441,87 min
5442,117 min
5443,119 min
5444,130 min
5447,102 min
5448,154 min
5449,44 min
5450,96 min
5451,47 min
5452,44 min
5453,109 min
5454,89 min
5455,92 min
5456,122 min
5457,19 min
5461,154 min
5462,152 min
5463,161 min
5464,123 min
5467,44 min
5468,80 min
5469,71 min
5470,153 min
5472,79 min
5473,143 min
5474,123 min
5475,80 min
5476,73 min
5477,106 min
5479,101 min
5481,59 min
5482,164 min
5483,151 min
5484,84 min
5485,51 min
5486,142 min
5487,110 min
5488,86 min
5490,101 min
5491,88 min
5492,86 min
5493,61 min
5494,81 min
5496,72 min
5497,98 min
5498,64 min
5499,111 min
5500,148 min
5501,163 min
5502,95 min
5503,99 min
5504,44 min
5505,93 min
5506,89 min
5507,83 min
5508,104 min
5509,81 min
5512,53 min
5513,95 min
5516,149 min
5517,106 min
5518,108 min
5519,66 min
5523,113 min
5525,83 min
5526,50 min
5527,97 min
5528,105 min
5529,107 min
5530,99 min
5531,101 min
5532,81 min
5533,92 min
5534,131 min
5535,101 min
5536,96 min
5537,85 min
5540,110 min
5541,89 min
5542,74 min
5544,88 min
5545,88 min
5546,143 min
5547,83 min
5548,107 min
5549,99 min
5550,134 min
5551,78 min
5552,81 min
5553,106 min
5554,51 min
5557,102 min
5558,63 min
5560,91 min
5561,93 min
5562,93 min
5565,97 min
5566,92 min
5569,137 min
5571,143 min
5572,168 min
5573,117 min
5574,87 min
5575,160 min
5577,62 min
5578,109 min
5580,102 min
5582,118 min
5583,57 min
5585,94 min
5587,71 min
5588,123 min
5589,97 min
5590,99 min
5591,97 min
5595,67 min
5596,105 min
5597,78 min
5598,99 min
5600,119 min
5601,109 min
5603,107 min
5605,92 min
5606,88 min
5607,71 min
5608,64 min
5611,97 min
5612,96 min
5613,150 min
5614,54 min
5615,78 min
5616,86 min
5617,154 min
5618,179 min
5619,93 min
5620,97 min
5621,108 min
5622,92 min
5623,78 min
5624,87 min
5625,99 min
5626,91 min
5627,102 min
5628,67 min
5629,57 min
5630,130 min
5631,80 min
5632,66 min
5633,105 min
5634,98 min
5635,91 min
5636,123 min
5637,82 min
5638,104 min
5639,109 min
5640,74 min
5642,84 min
5643,98 min
5644,22 min
5645,100 min
5646,75 min
5647,69 min
5648,97 min
5649,92 min
5650,92 min
5652,146 min
5653,97 min
5657,93 min
5658,62 min
5660,22 min
5661,88 min
5662,105 min
5664,88 min
5665,93 min
5667,98 min
5677,88 min
5679,31 min
5680,83 min
5682,38 min
5683,108 min
5686,97 min
5688,81 min
5689,70 min
5690,62 min
5692,99 min
5694,112 min
5695,90 min
5696,56 min
5697,89 min
5698,24 min
5699,100 min
5702,116 min
5703,92 min
5705,79 min
5706,72 min
5707,92 min
5709,61 min
5710,88 min
5711,113 min
5712,67 min
5713,65 min
5714,62 min
5715,107 min
5718,69 min
5719,77 min
5720,98 min
5722,71 min
5725,64 min
5726,112 min
5727,59 min
5734,91 min
5735,44 min
5736,107 min
5737,92 min
5738,89 min
5739,107 min
5740,94 min
5741,110 min
5743,81 min
5744,77 min
5746,64 min
5747,97 min
5748,77 min
5749,94 min
5750,94 min
5751,91 min
5755,80 min
5756,95 min
5757,90 min
5758,101 min
5759,73 min
5761,108 min
5762,25 min
5765,86 min
5766,105 min
5768,100 min
5771,96 min
5773,97 min
5774,73 min
5776,44 min
5777,132 min
5779,96 min
5780,92 min
5781,99 min
5783,92 min
5784,99 min
5785,78 min
5787,65 min
5788,65 min
5789,69 min
5790,64 min
5791,63 min
5792,63 min
5793,89 min
5794,60 min
5795,84 min
5796,41 min
5797,83 min
5798,25 min
5799,94 min
5805,52 min
5809,75 min
5810,92 min
5811,80 min
5814,66 min
5815,46 min
5816,72 min
5817,71 min
5818,77 min
5819,70 min
5820,73 min
5821,81 min
5822,63 min
5825,45 min
5827,46 min
5829,112 min
5831,101 min
5832,117 min
5833,114 min
5834,96 min
5836,87 min
5838,105 min
5840,80 min
5841,97 min
5842,105 min
5843,60 min
5847,109 min
5848,60 min
5849,101 min
5850,91 min
5851,66 min
5852,127 min
5853,82 min
5855,70 min
5858,23 min
5859,97 min
5860,62 min
5861,84 min
5862,90 min
5865,101 min
5866,74 min
5869,68 min
5873,92 min
5874,107 min
5875,108 min
5876,74 min
5877,29 min
5879,60 min
5880,120 min
5881,74 min
5882,57 min
5884,91 min
5885,62 min
5887,85 min
5888,90 min
5890,105 min
5891,59 min
5892,137 min
5893,86 min
5894,99 min
5895,64 min
5897,82 min
5898,90 min
5899,80 min
5900,62 min
5902,92 min
5904,78 min
5905,92 min
5906,69 min
5907,103 min
5908,92 min
5910,143 min
5911,83 min
5912,78 min
5913,84 min
5914,84 min
5916,58 min
5917,82 min
5918,83 min
5919,29 min
5920,72 min
5921,26 min
5922,81 min
5925,75 min
5926,100 min
5927,90 min
5928,68 min
5929,71 min
5930,100 min
5931,94 min
5932,80 min
5933,35 min
5935,93 min
5936,105 min
5937,130 min
5938,100 min
5939,80 min
5942,76 min
5943,95 min
5944,96 min
5945,94 min
5946,94 min
5947,93 min
5948,96 min
5949,94 min
5950,94 min
5951,93 min
5952,95 min
5953,93 min
5954,75 min
5955,103 min
5956,29 min
5957,104 min
5958,81 min
5959,80 min
5960,123 min
5961,119 min
5962,118 min
5963,143 min
5964,149 min
5966,144 min
5967,124 min
5968,87 min
5969,128 min
5970,117 min
5971,100 min
5972,84 min
5973,90 min
5974,105 min
5976,106 min
5977,99 min
5978,93 min
5980,89 min
5981,105 min
5982,109 min
5983,93 min
5984,75 min
5986,90 min
5988,90 min
5989,93 min
5990,37 min
5991,113 min
5992,89 min
5993,102 min
5994,102 min
5995,90 min
5996,94 min
5997,91 min
5998,107 min
5999,95 min
6000,119 min
6001,93 min
6003,101 min
6004,93 min
6005,82 min
6006,70 min
6007,104 min
6008,121 min
6009,92 min
6010,124 min
6011,53 min
6012,91 min
6013,83 min
6014,93 min
6015,81 min
6016,86 min
6017,106 min
6018,97 min
6019,99 min
6020,100 min
6021,126 min
6022,94 min
6023,103 min
6024,96 min
6026,137 min
6028,104 min
6029,104 min
6030,94 min
6031,176 min
6032,137 min
6033,101 min
6034,111 min
6035,110 min
6036,142 min
6037,86 min
6039,93 min
6040,86 min
6041,80 min
6042,92 min
6043,96 min
6044,87 min
6046,98 min
6047,125 min
6048,91 min
6049,76 min
6050,82 min
6051,111 min
6052,92 min
6053,94 min
6054,91 min
6055,44 min
6056,108 min
6057,123 min
6058,106 min
6059,89 min
6060,98 min
6061,108 min
6062,92 min
6063,102 min
6064,103 min
6065,91 min
6066,110 min
6069,77 min
6070,99 min
6071,122 min
6072,150 min
6073,126 min
6074,164 min
6075,115 min
6076,133 min
6077,127 min
6078,100 min
6079,131 min
6081,44 min
6082,101 min
6083,90 min
6084,89 min
6085,88 min
6086,133 min
6087,110 min
6088,112 min
6089,87 min
6091,91 min
6092,111 min
6093,99 min
6094,86 min
6096,93 min
6097,87 min
6098,107 min
6099,89 min
6100,92 min
6104,122 min
6105,91 min
6107,127 min
6108,153 min
6109,94 min
6110,106 min
6111,102 min
6112,112 min
6113,63 min
6114,90 min
6115,89 min
6116,101 min
6117,85 min
6118,83 min
6119,92 min
6120,84 min
6121,91 min
6122,100 min
6123,103 min
6124,103 min
6125,45 min
6126,45 min
6128,90 min
6129,98 min
6130,92 min
6131,172 min
6132,125 min
6134,81 min
6135,112 min
6136,122 min
6137,101 min
6139,53 min
6141,53 min
6142,99 min
6143,95 min
6144,119 min
6145,163 min
6146,55 min
6148,102 min
6149,106 min
6150,128 min
6151,80 min
6152,80 min
6153,75 min
6154,75 min
6155,79 min
6156,87 min
6158,97 min
6159,85 min
6160,111 min
6161,113 min
6163,90 min
6164,103 min
6165,105 min
6166,104 min
6169,127 min
6170,92 min
6171,72 min
6172,118 min
6173,110 min
6174,65 min
6176,90 min
6177,134 min
6179,89 min
6180,86 min
6181,87 min
6182,107 min
6183,79 min
6184,87 min
6185,113 min
6186,110 min
6187,98 min
6188,93 min
6189,139 min
6190,94 min
6191,133 min
6192,81 min
6193,91 min
6194,122 min
6196,102 min
6197,88 min
6198,49 min
6200,110 min
6201,150 min
6202,97 min
6203,129 min
6204,99 min
6205,112 min
6206,143 min
6207,61 min
6208,95 min
6209,92 min
6210,97 min
6211,90 min
6212,119 min
6213,147 min
6215,83 min
6216,83 min
6218,91 min
6219,117 min
6221,78 min
6222,75 min
6223,78 min
6224,149 min
6225,103 min
6226,94 min
6227,95 min
6228,122 min
6230,107 min
6231,126 min
6232,122 min
6233,95 min
6234,101 min
6235,74 min
6236,74 min
6237,74 min
6238,83 min
6239,79 min
6240,72 min
6241,80 min
6242,75 min
6243,75 min
6244,72 min
6245,99 min
6246,91 min
6247,166 min
6248,103 min
6249,128 min
6252,87 min
6255,125 min
6256,121 min
6257,110 min
6258,88 min
6260,52 min
6261,89 min
6262,52 min
6267,81 min
6268,73 min
6269,75 min
6270,99 min
6271,121 min
6272,100 min
6273,97 min
6274,105 min
6275,100 min
6278,115 min
6279,99 min
6281,91 min
6283,90 min
6284,100 min
6285,25 min
6286,99 min
6287,120 min
6288,98 min
6289,104 min
6290,149 min
6291,112 min
6293,98 min
6294,120 min
6297,151 min
6298,63 min
6299,148 min
6300,114 min
6301,123 min
6303,87 min
6304,93 min
6306,88 min
6307,126 min
6308,90 min
6309,95 min
6310,108 min
6311,65 min
6312,110 min
6313,66 min
6314,127 min
6315,131 min
6316,88 min
6317,97 min
6318,116 min
6321,117 min
6322,79 min
6323,144 min
6325,79 min
6326,135 min
6327,88 min
6328,116 min
6329,91 min
6330,83 min
6331,90 min
6332,129 min
6333,120 min
6334,91 min
6335,85 min
6337,88 min
6338,123 min
6339,180 min
6340,98 min
6341,90 min
6343,90 min
6344,94 min
6345,112 min
6346,85 min
6347,97 min
6349,47 min
6350,99 min
6351,168 min
6352,99 min
6353,106 min
6354,92 min
6355,99 min
6356,89 min
6357,88 min
6359,111 min
6360,79 min
6363,86 min
6364,74 min
6366,84 min
6367,80 min
6368,86 min
6370,90 min
6371,102 min
6373,92 min
6375,81 min
6376,116 min
6377,110 min
6378,95 min
6380,133 min
6381,120 min
6383,91 min
6384,90 min
6385,90 min
6387,103 min
6388,73 min
6389,98 min
6391,119 min
6392,76 min
6393,148 min
6395,94 min
6396,108 min
6397,114 min
6398,98 min
6400,151 min
6401,78 min
6403,125 min
6404,126 min
6406,11 min
6407,22 min
6410,104 min
6411,104 min
6413,117 min
6415,101 min
6416,99 min
6418,103 min
6419,126 min
6420,92 min
6422,131 min
6423,119 min
6424,98 min
6425,85 min
6426,84 min
6428,145 min
6429,125 min
6430,108 min
6432,108 min
6433,74 min
6434,82 min
6435,75 min
6436,77 min
6437,156 min
6438,116 min
6439,126 min
6440,129 min
6441,132 min
6442,118 min
6443,87 min
6444,95 min
6445,86 min
6446,106 min
6447,115 min
6448,106 min
6449,94 min
6450,121 min
6451,113 min
6453,129 min
6454,99 min
6455,116 min
6459,88 min
6462,63 min
6463,62 min
6464,62 min
6465,112 min
6466,113 min
6467,82 min
6468,98 min
6469,87 min
6471,111 min
6472,63 min
6473,105 min
6474,146 min
6475,96 min
6476,80 min
6477,99 min
6479,87 min
6480,88 min
6481,99 min
6482,104 min
6483,104 min
6485,118 min
6486,127 min
6487,109 min
6489,130 min
6490,110 min
6492,88 min
6493,106 min
6494,91 min
6495,103 min
6497,89 min
6498,108 min
6500,124 min
6501,96 min
6502,172 min
6503,124 min
6504,85 min
6511,137 min
6512,91 min
6513,120 min
6516,118 min
6517,110 min
6518,114 min
6519,112 min
6522,92 min
6523,137 min
6524,84 min
6526,52 min
6527,96 min
6528,112 min
6529,90 min
6530,106 min
6531,116 min
6532,97 min
6534,127 min
6535,96 min
6536,45 min
6537,101 min
6538,88 min
6540,75 min
6541,112 min
6542,110 min
6544,120 min
6545,90 min
6546,82 min
6547,118 min
6548,153 min
6549,117 min
6551,93 min
6552,82 min
6553,115 min
6554,151 min
6555,103 min
6556,117 min
6558,100 min
6559,70 min
6562,103 min
6563,108 min
6564,100 min
6565,91 min
6566,93 min
6567,113 min
6568,116 min
6570,121 min
6571,112 min
6574,76 min
6575,81 min
6576,110 min
6577,90 min
6578,97 min
6579,86 min
6580,94 min
6581,83 min
6582,43 min
6583,92 min
6584,93 min
6585,88 min
6586,53 min
6589,156 min
6590,79 min
6591,96 min
6592,99 min
6593,140 min
6594,62 min
6595,88 min
6596,76 min
6597,99 min
6598,97 min
6599,87 min
6600,108 min
6601,94 min
6603,123 min
6605,128 min
6606,132 min
6607,93 min
6608,113 min
6609,96 min
6610,133 min
6611,176 min
6613,115 min
6615,90 min
6616,111 min
6617,87 min
6618,112 min
6620,200 min
6621,93 min
6622,90 min
6623,107 min
6624,89 min
6625,83 min
6626,96 min
6627,99 min
6628,95 min
6629,88 min
6630,94 min
6631,93 min
6632,93 min
6633,92 min
6634,127 min
6635,105 min
6637,94 min
6638,104 min
6639,94 min
6640,82 min
6641,86 min
6642,103 min
6643,97 min
6644,84 min
6645,98 min
6646,68 min
6648,42 min
6649,92 min
6650,89 min
6651,99 min
6654,93 min
6655,162 min
6656,85 min
6657,52 min
6658,91 min
6662,106 min
6663,92 min
6665,140 min
6666,69 min
6667,153 min
6668,124 min
6669,120 min
6670,134 min
6671,105 min
6676,119 min
6678,106 min
6680,79 min
6681,196 min
6682,90 min
6683,109 min
6684,93 min
6685,92 min
6686,49 min
6687,102 min
6688,82 min
6689,74 min
6690,94 min
6692,87 min
6693,108 min
6695,151 min
6697,109 min
6699,91 min
6700,93 min
6701,85 min
6702,103 min
6703,102 min
6704,107 min
6705,88 min
6706,95 min
6707,100 min
6708,91 min
6709,110 min
6711,96 min
6712,96 min
6713,98 min
6714,133 min
6716,102 min
6717,108 min
6720,133 min
6721,58 min
6722,79 min
6723,101 min
6724,81 min
6726,99 min
6727,106 min
6728,103 min
6730,92 min
6731,89 min
6734,150 min
6735,80 min
6736,124 min
6737,99 min
6738,29 min
6739,91 min
6740,102 min
6741,94 min
6744,118 min
6746,70 min
6747,181 min
6748,101 min
6749,29 min
6750,92 min
6752,94 min
6753,118 min
6754,98 min
6755,90 min
6756,93 min
6757,114 min
6758,99 min
6759,96 min
6760,102 min
6761,90 min
6762,49 min
6763,61 min
6765,60 min
6766,104 min
6768,119 min
6769,102 min
6770,83 min
6772,88 min
6773,86 min
6776,90 min
6777,134 min
6778,92 min
6779,145 min
6780,95 min
6781,93 min
6782,84 min
6784,81 min
6785,98 min
6787,74 min
6788,87 min
6790,96 min
6791,88 min
6793,118 min
6794,113 min
6795,86 min
6797,91 min
6798,115 min
6799,112 min
6800,103 min
6801,116 min
6802,72 min
6803,104 min
6805,97 min
6806,92 min
6808,93 min
6809,93 min
6810,99 min
6812,47 min
6813,52 min
6814,97 min
6815,88 min
6816,106 min
6817,97 min
6818,88 min
6819,88 min
6820,132 min
6822,108 min
6824,111 min
6827,167 min
6829,96 min
6830,95 min
6831,107 min
6832,118 min
6833,130 min
6834,90 min
6838,87 min
6840,109 min
6841,103 min
6843,110 min
6844,85 min
6845,163 min
6846,100 min
6847,58 min
6848,110 min
6849,58 min
6851,56 min
6852,161 min
6853,141 min
6854,115 min
6855,90 min
6856,103 min
6857,77 min
6859,111 min
6860,103 min
6861,129 min
6862,113 min
6863,106 min
6864,105 min
6865,137 min
6866,22 min
6867,130 min
6868,89 min
6870,110 min
6871,148 min
6873,100 min
6875,90 min
6876,103 min
6877,75 min
6878,99 min
6879,93 min
6880,90 min
6881,145 min
6882,95 min
6883,92 min
6884,90 min
6885,137 min
6887,98 min
6888,109 min
6889,117 min
6892,93 min
6893,57 min
6894,110 min
6897,95 min
6898,102 min
6899,97 min
6900,82 min
6901,90 min
6903,57 min
6904,91 min
6905,100 min
6906,101 min
6908,138 min
6909,95 min
6910,116 min
6911,117 min
6912,65 min
6913,158 min
6914,110 min
6915,79 min
6916,99 min
6917,86 min
6919,138 min
6921,91 min
6922,79 min
6925,79 min
6926,96 min
6927,55 min
6928,101 min
6929,88 min
6930,95 min
6932,87 min
6934,83 min
6935,90 min
6937,151 min
6939,89 min
6940,99 min
6941,86 min
6943,85 min
6944,93 min
6945,89 min
6946,89 min
6947,90 min
6948,104 min
6949,107 min
6950,124 min
6951,87 min
6953,94 min
6955,86 min
6957,102 min
6958,122 min
6959,126 min
6960,87 min
6961,156 min
6962,97 min
6963,89 min
6965,88 min
6967,96 min
6968,104 min
6969,80 min
6973,95 min
6974,97 min
6976,118 min
6978,118 min
6979,44 min
6980,54 min
6981,170 min
6983,118 min
6984,128 min
6985,106 min
6986,103 min
6987,92 min
6988,102 min
6989,126 min
6990,73 min
6991,111 min
6992,100 min
6993,86 min
6994,95 min
6995,79 min
6996,81 min
6998,120 min
7000,85 min
7001,96 min
7002,91 min
7003,134 min
7004,93 min
7005,82 min
7006,88 min
7008,96 min
7009,97 min
7010,101 min
7011,88 min
7012,84 min
7013,110 min
7014,105 min
7015,116 min
7016,94 min
7017,110 min
7019,116 min
7020,51 min
7021,103 min
7022,83 min
7023,176 min
7024,149 min
7026,79 min
7027,97 min
7028,91 min
7031,85 min
7032,85 min
7033,117 min
7035,84 min
7036,106 min
7037,107 min
7038,98 min
7039,54 min
7041,139 min
7042,88 min
7043,93 min
7044,91 min
7045,89 min
7046,106 min
7047,116 min
7048,100 min
7049,96 min
7050,119 min
7052,108 min
7053,104 min
7054,124 min
7056,87 min
7057,75 min
7058,108 min
7059,103 min
7061,103 min
7062,89 min
7063,103 min
7064,89 min
7065,119 min
7066,106 min
7067,90 min
7068,118 min
7069,95 min
7071,123 min
7072,127 min
7073,116 min
7074,119 min
7075,99 min
7076,90 min
7077,90 min
7078,153 min
7079,106 min
7080,141 min
7085,122 min
7087,87 min
7088,102 min
7089,88 min
7090,99 min
7091,99 min
7092,134 min
7093,91 min
7094,88 min
7095,127 min
7096,137 min
7097,77 min
7098,71 min
7100,130 min
7103,140 min
7104,101 min
7105,101 min
7106,91 min
7107,84 min
7108,88 min
7109,68 min
7110,163 min
7111,93 min
7112,86 min
7114,154 min
7115,92 min
7116,132 min
7117,22 min
7118,132 min
7119,94 min
7120,132 min
7122,105 min
7123,97 min
7125,109 min
7127,134 min
7128,53 min
7129,84 min
7131,102 min
7133,79 min
7134,181 min
7135,90 min
7136,79 min
7137,133 min
7138,125 min
7139,80 min
7140,101 min
7142,135 min
7145,133 min
7146,91 min
7147,52 min
7148,123 min
7150,113 min
7151,107 min
7152,128 min
7153,94 min
7154,95 min
7155,106 min
7157,138 min
7159,139 min
7160,132 min
7161,173 min
7162,105 min
7163,148 min
7164,120 min
7165,85 min
7166,113 min
7167,99 min
7168,41 min
7169,110 min
7170,137 min
7171,118 min
7172,140 min
7173,85 min
7174,116 min
7175,133 min
7179,89 min
7180,75 min
7181,67 min
7182,90 min
7184,170 min
7187,124 min
7189,120 min
7190,157 min
7191,124 min
7192,110 min
7193,90 min
7194,97 min
7195,108 min
7196,95 min
7198,111 min
7199,137 min
7200,100 min
7201,53 min
7202,87 min
7203,106 min
7204,86 min
7205,100 min
7206,103 min
7207,109 min
7208,81 min
7209,98 min
7211,114 min
7212,87 min
7213,132 min
7214,116 min
7217,92 min
7219,99 min
7220,63 min
7221,121 min
7222,56 min
7224,96 min
7225,115 min
7226,117 min
7227,58 min
7228,62 min
7229,65 min
7230,61 min
7231,65 min
7232,65 min
7233,58 min
7234,60 min
7235,81 min
7237,85 min
7238,93 min
7239,126 min
7240,99 min
7241,79 min
7242,26 min
7243,107 min
7244,133 min
7245,95 min
7247,100 min
7248,149 min
7249,52 min
7250,165 min
7251,104 min
7252,114 min
7253,109 min
7254,88 min
7260,143 min
7261,112 min
7262,101 min
7263,110 min
7264,83 min
7266,145 min
7268,87 min
7270,86 min
7271,115 min
7272,93 min
7273,121 min
7274,54 min
7275,100 min
7276,37 min
7277,33 min
7278,35 min
7279,32 min
7281,147 min
7282,110 min
7283,97 min
7284,108 min
7285,101 min
7287,100 min
7290,48 min
7291,44 min
7293,78 min
7294,103 min
7295,58 min
7297,90 min
7299,89 min
7300,83 min
7303,84 min
7304,104 min
7305,99 min
7306,105 min
7307,94 min
7309,150 min
7310,111 min
7311,116 min
7312,92 min
7314,23 min
7315,25 min
7316,85 min
7317,90 min
7318,68 min
7319,67 min
7320,66 min
7321,91 min
7323,87 min
7324,98 min
7327,108 min
7328,85 min
7329,95 min
7330,103 min
7331,118 min
7333,153 min
7335,96 min
7336,88 min
7337,116 min
7338,155 min
7340,88 min
7342,92 min
7345,98 min
7346,103 min
7347,163 min
7348,93 min
7351,77 min
7352,97 min
7353,115 min
7355,103 min
7356,82 min
7357,77 min
7358,79 min
7359,98 min
7361,131 min
7362,110 min
7363,100 min
7364,117 min
7365,107 min
7366,76 min
7367,118 min
7368,93 min
7370,99 min
7371,84 min
7372,102 min
7373,134 min
7374,78 min
7375,95 min
7378,73 min
7379,110 min
7380,75 min
7381,119 min
7385,92 min
7387,137 min
7388,192 min
7389,132 min
7390,91 min
7391,105 min
7392,88 min
7394,155 min
7395,103 min
7396,97 min
7397,92 min
7398,98 min
7399,89 min
7400,112 min
7401,75 min
7402,89 min
7403,99 min
7404,107 min
7406,29 min
7408,94 min
7411,90 min
7412,104 min
7413,55 min
7414,83 min
7415,77 min
7416,72 min
7417,103 min
7418,131 min
7420,138 min
7421,143 min
7422,80 min
7423,132 min
7424,84 min
7425,99 min
7426,93 min
7427,114 min
7428,100 min
7429,132 min
7430,83 min
7431,105 min
7432,112 min
7433,94 min
7434,90 min
7435,48 min
7438,110 min
7440,84 min
7441,118 min
7442,86 min
7443,98 min
7444,88 min
7445,81 min
7446,112 min
7449,106 min
7451,148 min
7452,105 min
7453,92 min
7455,112 min
7457,128 min
7459,128 min
7461,136 min
7462,106 min
7463,129 min
7465,90 min
7466,130 min
7467,85 min
7468,90 min
7470,94 min
7471,86 min
7472,100 min
7473,107 min
7474,93 min
7475,109 min
7476,109 min
7477,92 min
7478,93 min
7479,100 min
7480,141 min
7482,119 min
7483,84 min
7485,96 min
7487,83 min
7488,117 min
7489,93 min
7490,73 min
7491,72 min
7492,46 min
7493,74 min
7494,46 min
7495,46 min
7496,74 min
7497,71 min
7498,72 min
7499,76 min
7500,23 min
7501,60 min
7502,46 min
7504,101 min
7507,97 min
7508,111 min
7509,96 min
7510,135 min
7511,91 min
7512,84 min
7513,121 min
7514,109 min
7515,74 min
7516,94 min
7517,105 min
7518,97 min
7519,102 min
7520,86 min
7521,88 min
7523,90 min
7524,131 min
7525,158 min
7526,85 min
7527,110 min
7528,79 min
7531,185 min
7532,80 min
7533,116 min
7534,95 min
7535,99 min
7536,77 min
7537,91 min
7538,115 min
7540,68 min
7542,72 min
7543,73 min
7544,104 min
7545,90 min
7546,99 min
7547,109 min
7549,108 min
7550,99 min
7551,99 min
7553,88 min
7554,92 min
7555,73 min
7556,85 min
7557,91 min
7558,171 min
7559,80 min
7560,102 min
7561,76 min
7562,92 min
7563,82 min
7564,42 min
7565,131 min
7566,165 min
7567,91 min
7568,101 min
7571,53 min
7576,59 min
7578,108 min
7579,89 min
7580,91 min
7581,84 min
7582,96 min
7583,124 min
7584,87 min
7585,113 min
7586,118 min
7588,97 min
7591,161 min
7592,116 min
7593,104 min
7595,89 min
7596,92 min
7597,90 min
7599,50 min
7600,53 min
7601,113 min
7602,53 min
7603,54 min
7604,53 min
7605,54 min
7606,113 min
7607,53 min
7608,53 min
7609,53 min
7610,54 min
7611,54 min
7612,52 min
7613,54 min
7614,54 min
7615,53 min
7616,53 min
7617,53 min
7618,113 min
7619,53 min
7620,86 min
7621,102 min
7622,114 min
7623,99 min
7626,55 min
7627,91 min
7631,117 min
7632,124 min
7634,122 min
7635,84 min
7636,84 min
7637,120 min
7638,127 min
7639,122 min
7640,125 min
7642,107 min
7643,91 min
7644,103 min
7645,103 min
7646,106 min
7648,102 min
7651,97 min
7652,89 min
7653,92 min
7654,107 min
7655,86 min
7656,70 min
7657,66 min
7658,72 min
7659,111 min
7660,166 min
7661,135 min
7662,92 min
7663,87 min
7664,92 min
7665,89 min
7666,93 min
7668,90 min
7669,76 min
7670,86 min
7671,111 min
7673,124 min
7674,93 min
7677,139 min
7678,91 min
7679,86 min
7681,122 min
7682,96 min
7683,88 min
7684,93 min
7685,90 min
7686,103 min
7687,102 min
7688,105 min
7689,117 min
7691,126 min
7692,89 min
7693,82 min
7695,82 min
7696,98 min
7697,96 min
7698,108 min
7700,91 min
7701,163 min
7702,112 min
7703,137 min
7704,89 min
7705,86 min
7707,187 min
7708,109 min
7709,77 min
7712,84 min
7713,140 min
7714,68 min
7715,117 min
7716,105 min
7717,91 min
7718,104 min
7720,114 min
7721,112 min
7723,48 min
7724,95 min
7725,89 min
7727,108 min
7728,72 min
7729,109 min
7731,105 min
7732,92 min
7733,95 min
7734,108 min
7735,85 min
7736,126 min
7737,118 min
7738,125 min
7739,112 min
7740,96 min
7741,81 min
7742,81 min
7743,92 min
7745,127 min
7746,81 min
7747,133 min
7750,81 min
7751,108 min
7752,120 min
7753,149 min
7754,92 min
7755,96 min
7756,114 min
7758,77 min
7759,90 min
7775,24 min
7776,46 min
7777,24 min
7779,55 min
7781,24 min
7782,23 min
7788,24 min
7789,24 min
7790,106 min
7791,52 min
7792,127 min
7793,86 min
7794,131 min
7795,93 min
7797,97 min
7798,84 min
7800,83 min
7802,165 min
7803,154 min
7804,158 min
7805,89 min
7806,149 min
7808,96 min
7810,106 min
7812,128 min
7815,98 min
7817,99 min
7818,113 min
7819,71 min
7820,83 min
7821,129 min
7822,117 min
7823,93 min
7824,124 min
7825,177 min
7826,104 min
7827,113 min
7828,178 min
7830,90 min
7831,154 min
7832,122 min
7833,115 min
7834,126 min
7835,88 min
7837,99 min
7838,144 min
7840,111 min
7842,73 min
7844,81 min
7845,114 min
7846,112 min
7847,80 min
7849,24 min
7850,100 min
7852,96 min
7853,88 min
7854,95 min
7855,112 min
7856,112 min
7858,97 min
7859,97 min
7860,94 min
7861,97 min
7862,118 min
7864,95 min
7866,120 min
7867,84 min
7869,101 min
7870,103 min
7872,83 min
7874,107 min
7875,136 min
7876,96 min
7877,45 min
7878,92 min
7880,120 min
7881,119 min
7882,100 min
7883,92 min
7884,104 min
7885,93 min
7886,98 min
7887,80 min
7888,79 min
7889,122 min
7890,118 min
7891,89 min
7892,26 min
7894,62 min
7895,137 min
7896,121 min
7899,103 min
7900,92 min
7901,89 min
7902,97 min
7903,134 min
7904,116 min
7905,110 min
7906,88 min
7908,93 min
7910,72 min
7911,141 min
7912,82 min
7913,117 min
7914,118 min
7915,91 min
7916,105 min
7917,94 min
7918,137 min
7920,61 min
7921,86 min
7922,118 min
7923,173 min
7924,152 min
7925,99 min
7926,110 min
7927,116 min
7928,107 min
7929,109 min
7930,65 min
7931,32 min
7932,122 min
7933,228 min
7934,86 min
7935,72 min
7936,102 min
7937,140 min
7938,145 min
7939,126 min
7940,133 min
7941,141 min
7942,78 min
7944,150 min
7945,153 min
7946,83 min
7947,95 min
7948,93 min
7950,126 min
7951,95 min
7952,99 min
7953,93 min
7955,93 min
7956,88 min
7957,88 min
7958,195 min
7959,120 min
7960,77 min
7961,112 min
7962,121 min
7963,117 min
7964,90 min
7965,110 min
7966,86 min
7967,95 min
7968,101 min
7970,111 min
7971,54 min
7972,54 min
7973,54 min
7974,55 min
7975,54 min
7976,55 min
7977,55 min
7978,55 min
7979,55 min
7980,55 min
7981,102 min
7982,106 min
7984,69 min
7986,85 min
7987,146 min
7988,145 min
7989,103 min
7990,111 min
7991,125 min
7993,115 min
7995,168 min
7996,109 min
7997,148 min
7998,92 min
7999,91 min
8000,135 min
8001,71 min
8002,112 min
8004,128 min
8005,168 min
8006,45 min
8007,75 min
8008,71 min
8009,122 min
8010,97 min
8011,89 min
8012,98 min
8013,115 min
8014,96 min
8015,119 min
8017,105 min
8018,88 min
8019,94 min
8020,77 min
8024,143 min
8025,127 min
8026,92 min
8027,87 min
8028,83 min
8029,95 min
8030,96 min
8033,107 min
8034,100 min
8035,49 min
8036,94 min
8037,101 min
8038,89 min
8039,135 min
8040,107 min
8042,84 min
8043,110 min
8044,95 min
8045,66 min
8046,83 min
8047,86 min
8048,137 min
8049,87 min
8050,142 min
8051,94 min
8052,135 min
8053,135 min
8054,104 min
8055,97 min
8056,128 min
8057,109 min
8058,73 min
8060,106 min
8061,94 min
8062,85 min
8064,98 min
8066,96 min
8067,75 min
8068,139 min
8069,117 min
8070,95 min
8072,129 min
8073,94 min
8074,112 min
8075,88 min
8076,100 min
8077,83 min
8078,93 min
8079,103 min
8080,88 min
8081,86 min
8082,88 min
8083,152 min
8085,106 min
8087,52 min
8088,98 min
8089,89 min
8090,86 min
8091,106 min
8092,100 min
8093,91 min
8096,113 min
8097,100 min
8099,132 min
8100,96 min
8101,96 min
8102,113 min
8104,95 min
8105,85 min
8106,106 min
8107,117 min
8109,123 min
8111,78 min
8112,95 min
8113,135 min
8114,130 min
8115,115 min
8116,114 min
8117,107 min
8119,93 min
8120,94 min
8121,85 min
8123,63 min
8124,104 min
8125,127 min
8127,113 min
8128,91 min
8129,154 min
8131,82 min
8132,98 min
8134,103 min
8135,86 min
8136,92 min
8137,123 min
8139,116 min
8140,93 min
8141,97 min
8142,108 min
8143,101 min
8145,177 min
8146,95 min
8147,97 min
8150,111 min
8151,81 min
8152,89 min
8153,72 min
8154,112 min
8155,48 min
8156,81 min
8157,137 min
8158,89 min
8159,87 min
8160,88 min
8161,94 min
8162,125 min
8163,67 min
8164,108 min
8165,102 min
8167,109 min
8168,115 min
8169,98 min
8170,84 min
8171,133 min
8172,121 min
8177,100 min
8178,117 min
8179,78 min
8180,87 min
8182,88 min
8184,93 min
8185,107 min
8186,99 min
8187,140 min
8188,113 min
8189,89 min
8191,97 min
8192,97 min
8193,108 min
8195,80 min
8196,90 min
8197,117 min
8198,95 min
8199,86 min
8201,100 min
8202,87 min
8203,101 min
8204,83 min
8205,89 min
8206,18 min
8211,72 min
8212,95 min
8213,95 min
8214,98 min
8216,59 min
8218,118 min
8219,98 min
8220,111 min
8221,116 min
8222,97 min
8223,95 min
8224,122 min
8225,95 min
8226,93 min
8227,107 min
8228,119 min
8229,119 min
8230,97 min
8231,96 min
8232,103 min
8233,96 min
8234,106 min
8235,109 min
8237,112 min
8238,96 min
8239,60 min
8240,113 min
8241,126 min
8242,109 min
8243,93 min
8245,101 min
8246,111 min
8247,107 min
8248,100 min
8249,92 min
8250,103 min
8252,105 min
8253,103 min
8254,101 min
8255,123 min
8256,114 min
8257,101 min
8259,99 min
8260,102 min
8261,66 min
8262,112 min
8264,101 min
8265,99 min
8266,105 min
8267,93 min
8268,121 min
8269,75 min
8270,95 min
8271,100 min
8273,151 min
8274,78 min
8275,85 min
8276,69 min
8277,84 min
8279,88 min
8280,86 min
8281,121 min
8282,99 min
8284,110 min
8285,104 min
8286,95 min
8287,96 min
8289,106 min
8290,112 min
8291,85 min
8292,107 min
8293,76 min
8295,95 min
8296,88 min
8297,116 min
8298,121 min
8299,82 min
8300,87 min
8301,46 min
8302,103 min
8304,97 min
8305,91 min
8306,91 min
8307,101 min
8308,104 min
8309,92 min
8310,113 min
8311,89 min
8313,115 min
8314,84 min
8315,106 min
8318,124 min
8319,83 min
8320,107 min
8321,158 min
8323,95 min
8324,97 min
8325,97 min
8326,89 min
8327,161 min
8328,205 min
8329,123 min
8330,190 min
8331,136 min
8333,161 min
8334,133 min
8336,119 min
8338,94 min
8339,85 min
8340,108 min
8341,71 min
8342,147 min
8343,88 min
8344,99 min
8345,96 min
8346,97 min
8347,92 min
8349,79 min
8351,53 min
8352,94 min
8353,123 min
8355,103 min
8356,111 min
8357,123 min
8359,100 min
8360,75 min
8361,118 min
8362,96 min
8363,108 min
8364,99 min
8365,103 min
8366,99 min
8368,100 min
8370,105 min
8371,52 min
8373,106 min
8375,90 min
8376,95 min
8378,118 min
8381,98 min
8382,86 min
8383,84 min
8384,93 min
8385,88 min
8386,131 min
8387,44 min
8388,96 min
8389,70 min
8390,88 min
8391,87 min
8392,118 min
8394,89 min
8395,85 min
8396,107 min
8397,138 min
8399,119 min
8400,93 min
8401,87 min
8402,121 min
8403,95 min
8404,103 min
8405,201 min
8406,179 min
8407,87 min
8408,98 min
8409,82 min
8410,85 min
8411,90 min
8413,68 min
8414,138 min
8415,136 min
8416,138 min
8417,129 min
8418,116 min
8419,130 min
8420,40 min
8421,94 min
8426,104 min
8427,91 min
8428,70 min
8431,104 min
8433,115 min
8434,85 min
8435,85 min
8436,138 min
8437,40 min
8439,82 min
8441,90 min
8442,99 min
8444,91 min
8445,106 min
8446,108 min
8447,94 min
8448,87 min
8449,124 min
8450,141 min
8451,93 min
8452,103 min
8453,141 min
8454,155 min
8455,93 min
8456,78 min
8457,118 min
8458,88 min
8459,140 min
8460,124 min
8461,110 min
8462,100 min
8463,96 min
8464,116 min
8465,91 min
8466,111 min
8467,98 min
8468,125 min
8469,76 min
8470,117 min
8471,90 min
8473,119 min
8474,136 min
8476,52 min
8478,81 min
8479,77 min
8480,120 min
8481,102 min
8482,90 min
8484,90 min
8485,92 min
8486,93 min
8487,116 min
8488,107 min
8489,87 min
8490,111 min
8492,101 min
8493,91 min
8494,103 min
8495,120 min
8496,90 min
8497,92 min
8498,99 min
8499,124 min
8500,111 min
8501,32 min
8502,86 min
8503,104 min
8505,123 min
8506,105 min
8507,97 min
8508,97 min
8509,90 min
8510,163 min
8512,121 min
8513,120 min
8514,95 min
8515,84 min
8516,94 min
8517,94 min
8518,122 min
8521,90 min
8522,91 min
8523,89 min
8525,98 min
8526,106 min
8527,139 min
8528,83 min
8529,96 min
8530,94 min
8531,58 min
8532,96 min
8533,107 min
8535,104 min
8536,94 min
8537,108 min
8538,91 min
8539,58 min
8541,99 min
8543,96 min
8544,93 min
8547,106 min
8548,103 min
8549,91 min
8551,98 min
8553,111 min
8554,112 min
8555,90 min
8556,101 min
8557,98 min
8559,92 min
8560,88 min
8562,47 min
8563,100 min
8564,114 min
8565,128 min
8566,53 min
8567,89 min
8569,83 min
8570,85 min
8571,94 min
8572,104 min
8573,89 min
8574,86 min
8577,107 min
8578,77 min
8579,123 min
8580,122 min
8581,131 min
8582,77 min
8583,125 min
8584,125 min
8585,88 min
8586,96 min
8587,93 min
8588,42 min
8590,108 min
8591,151 min
8592,125 min
8595,78 min
8596,97 min
8598,84 min
8599,108 min
8602,89 min
8603,60 min
8604,119 min
8607,87 min
8608,104 min
8609,94 min
8611,94 min
8612,130 min
8613,88 min
8614,118 min
8615,94 min
8616,114 min
8617,119 min
8618,114 min
8619,94 min
8620,82 min
8621,82 min
8622,96 min
8623,100 min
8624,104 min
8625,101 min
8626,99 min
8627,98 min
8628,100 min
8629,134 min
8630,173 min
8631,113 min
8632,91 min
8633,110 min
8635,90 min
8636,128 min
8637,108 min
8638,124 min
8639,89 min
8640,162 min
8641,76 min
8642,96 min
8643,102 min
8644,53 min
8646,86 min
8648,89 min
8649,80 min
8650,95 min
8651,78 min
8652,90 min
8653,125 min
8655,94 min
8656,90 min
8657,104 min
8658,40 min
8659,108 min
8660,94 min
8661,61 min
8662,94 min
8663,105 min
8664,83 min
8665,110 min
8666,121 min
8667,95 min
8668,130 min
8669,132 min
8671,90 min
8672,117 min
8673,130 min
8674,78 min
8675,106 min
8676,110 min
8677,91 min
8678,113 min
8679,101 min
8681,125 min
8682,116 min
8683,106 min
8684,113 min
8686,99 min
8687,130 min
8688,120 min
8689,94 min
8690,94 min
8692,109 min
8693,94 min
8694,96 min
8695,103 min
8696,109 min
8697,147 min
8698,98 min
8699,73 min
8700,92 min
8702,78 min
8703,68 min
8704,96 min
8705,83 min
8706,91 min
8707,93 min
8708,38 min
8709,94 min
8710,91 min
8712,95 min
8714,124 min
8715,73 min
8716,108 min
8717,84 min
8718,93 min
8719,96 min
8720,102 min
8723,130 min
8724,52 min
8725,91 min
8726,110 min
8728,75 min
8729,103 min
8730,89 min
8731,86 min
8732,97 min
8733,89 min
8734,91 min
8735,78 min
8736,90 min
8738,50 min
8739,84 min
8740,82 min
8743,106 min
8744,105 min
8745,105 min
8746,100 min
8747,85 min
8749,86 min
8751,100 min
8752,106 min
8753,108 min
8754,74 min
8755,109 min
8757,97 min
8758,129 min
8760,49 min
8761,93 min
8762,133 min
8763,140 min
8764,45 min
8765,191 min
8766,81 min
8767,124 min
8768,101 min
8769,106 min
8770,137 min
8771,171 min
8772,132 min
8773,147 min
8774,151 min
8775,97 min
8777,90 min
8778,111 min
8779,112 min
8780,107 min
8782,96 min
8783,88 min
8785,78 min
8787,87 min
8788,85 min
8789,157 min
8790,116 min
8791,113 min
8792,94 min
8793,81 min
8794,88 min
8795,98 min
8799,131 min
8800,120 min
8802,96 min
8803,158 min
8805,88 min
8806,88 min
8807,111 min
