show_id,country_id
1,1
8,1
10,1
16,1
28,1
29,1
30,1
39,1
41,1
42,1
43,1
44,1
45,1
47,1
49,1
56,1
68,1
82,1
83,1
91,1
95,1
96,1
97,1
98,1
100,1
102,1
107,1
108,1
112,1
118,1
123,1
126,1
128,1
130,1
132,1
134,1
135,1
136,1
137,1
138,1
139,1
140,1
142,1
143,1
144,1
145,1
146,1
147,1
150,1
151,1
153,1
156,1
157,1
159,1
161,1
162,1
163,1
164,1
165,1
167,1
168,1
169,1
170,1
171,1
172,1
173,1
174,1
175,1
176,1
177,1
178,1
179,1
180,1
183,1
184,1
185,1
192,1
221,1
228,1
229,1
230,1
232,1
233,1
242,1
248,1
252,1
255,1
264,1
265,1
268,1
272,1
273,1
275,1
280,1
281,1
285,1
287,1
291,1
296,1
297,1
301,1
308,1
309,1
311,1
313,1
315,1
316,1
318,1
324,1
326,1
327,1
328,1
329,1
330,1
331,1
333,1
334,1
335,1
336,1
338,1
341,1
342,1
343,1
344,1
345,1
346,1
347,1
348,1
349,1
350,1
351,1
352,1
353,1
354,1
355,1
356,1
357,1
358,1
359,1
360,1
361,1
362,1
371,1
379,1
381,1
383,1
387,1
390,1
391,1
392,1
393,1
404,1
426,1
434,1
438,1
441,1
443,1
446,1
447,1
448,1
449,1
450,1
451,1
452,1
460,1
461,1
463,1
470,1
473,1
474,1
475,1
478,1
487,1
489,1
490,1
492,1
493,1
494,1
495,1
497,1
500,1
510,1
512,1
514,1
521,1
526,1
527,1
528,1
531,1
533,1
548,1
549,1
558,1
559,1
560,1
562,1
563,1
564,1
565,1
567,1
568,1
569,1
574,1
575,1
576,1
577,1
579,1
580,1
582,1
583,1
584,1
585,1
586,1
589,1
592,1
593,1
594,1
595,1
596,1
597,1
598,1
599,1
600,1
601,1
602,1
603,1
604,1
605,1
606,1
607,1
608,1
609,1
610,1
611,1
612,1
613,1
615,1
616,1
619,1
621,1
623,1
629,1
631,1
637,1
639,1
644,1
649,1
658,1
661,1
663,1
668,1
669,1
675,1
677,1
678,1
679,1
681,1
686,1
697,1
703,1
709,1
714,1
717,1
719,1
720,1
722,1
723,1
724,1
725,1
727,1
728,1
729,1
735,1
737,1
740,1
741,1
744,1
747,1
749,1
750,1
753,1
755,1
758,1
764,1
775,1
776,1
777,1
778,1
780,1
783,1
785,1
786,1
787,1
788,1
789,1
791,1
792,1
793,1
794,1
796,1
797,1
798,1
799,1
800,1
801,1
802,1
803,1
805,1
809,1
810,1
811,1
813,1
814,1
815,1
817,1
818,1
819,1
820,1
823,1
824,1
825,1
826,1
827,1
829,1
831,1
835,1
847,1
849,1
854,1
856,1
863,1
864,1
866,1
867,1
868,1
869,1
871,1
873,1
880,1
881,1
884,1
890,1
891,1
896,1
897,1
901,1
902,1
905,1
908,1
909,1
911,1
915,1
917,1
918,1
920,1
921,1
922,1
923,1
925,1
927,1
929,1
931,1
932,1
933,1
934,1
935,1
936,1
943,1
944,1
947,1
948,1
949,1
950,1
951,1
952,1
953,1
954,1
956,1
957,1
963,1
970,1
971,1
976,1
994,1
1000,1
1002,1
1012,1
1014,1
1016,1
1025,1
1027,1
1028,1
1030,1
1034,1
1035,1
1036,1
1037,1
1040,1
1043,1
1044,1
1046,1
1047,1
1049,1
1053,1
1054,1
1056,1
1058,1
1060,1
1061,1
1062,1
1064,1
1069,1
1071,1
1076,1
1080,1
1082,1
1084,1
1089,1
1090,1
1098,1
1101,1
1102,1
1103,1
1105,1
1106,1
1107,1
1112,1
1113,1
1114,1
1119,1
1120,1
1121,1
1122,1
1125,1
1127,1
1128,1
1129,1
1134,1
1135,1
1136,1
1139,1
1140,1
1141,1
1143,1
1144,1
1145,1
1146,1
1147,1
1151,1
1153,1
1155,1
1157,1
1158,1
1159,1
1169,1
1171,1
1172,1
1176,1
1179,1
1180,1
1182,1
1188,1
1190,1
1191,1
1192,1
1196,1
1198,1
1200,1
1201,1
1204,1
1205,1
1206,1
1214,1
1219,1
1223,1
1232,1
1239,1
1240,1
1241,1
1242,1
1243,1
1244,1
1246,1
1249,1
1252,1
1254,1
1255,1
1257,1
1260,1
1264,1
1265,1
1269,1
1271,1
1273,1
1275,1
1276,1
1278,1
1279,1
1284,1
1285,1
1289,1
1291,1
1298,1
1301,1
1303,1
1304,1
1305,1
1307,1
1308,1
1310,1
1311,1
1314,1
1315,1
1319,1
1325,1
1328,1
1329,1
1331,1
1332,1
1333,1
1334,1
1336,1
1342,1
1344,1
1348,1
1349,1
1351,1
1353,1
1354,1
1356,1
1357,1
1359,1
1360,1
1362,1
1363,1
1364,1
1365,1
1367,1
1368,1
1370,1
1372,1
1375,1
1376,1
1378,1
1379,1
1381,1
1388,1
1389,1
1390,1
1392,1
1394,1
1395,1
1396,1
1397,1
1398,1
1399,1
1400,1
1401,1
1402,1
1403,1
1405,1
1406,1
1407,1
1408,1
1409,1
1410,1
1412,1
1416,1
1417,1
1421,1
1425,1
1426,1
1431,1
1436,1
1438,1
1440,1
1441,1
1444,1
1445,1
1447,1
1448,1
1449,1
1450,1
1451,1
1452,1
1453,1
1454,1
1455,1
1456,1
1457,1
1458,1
1460,1
1462,1
1464,1
1465,1
1466,1
1467,1
1468,1
1470,1
1471,1
1474,1
1477,1
1478,1
1479,1
1485,1
1486,1
1487,1
1493,1
1495,1
1499,1
1500,1
1502,1
1503,1
1506,1
1507,1
1510,1
1511,1
1514,1
1516,1
1518,1
1531,1
1535,1
1537,1
1538,1
1539,1
1541,1
1544,1
1546,1
1547,1
1548,1
1549,1
1550,1
1551,1
1552,1
1553,1
1554,1
1558,1
1559,1
1561,1
1564,1
1573,1
1574,1
1575,1
1577,1
1580,1
1581,1
1583,1
1585,1
1591,1
1592,1
1596,1
1598,1
1609,1
1610,1
1611,1
1612,1
1613,1
1616,1
1617,1
1618,1
1619,1
1621,1
1622,1
1623,1
1624,1
1625,1
1627,1
1628,1
1632,1
1633,1
1634,1
1636,1
1637,1
1642,1
1646,1
1647,1
1651,1
1656,1
1657,1
1660,1
1661,1
1664,1
1665,1
1667,1
1670,1
1672,1
1673,1
1682,1
1685,1
1686,1
1687,1
1688,1
1689,1
1690,1
1691,1
1692,1
1693,1
1695,1
1697,1
1698,1
1699,1
1700,1
1701,1
1702,1
1704,1
1711,1
1715,1
1718,1
1719,1
1722,1
1723,1
1725,1
1727,1
1730,1
1732,1
1737,1
1748,1
1749,1
1750,1
1751,1
1752,1
1753,1
1755,1
1756,1
1757,1
1758,1
1760,1
1761,1
1762,1
1763,1
1764,1
1765,1
1766,1
1768,1
1769,1
1771,1
1775,1
1780,1
1782,1
1786,1
1788,1
1790,1
1791,1
1792,1
1794,1
1801,1
1802,1
1803,1
1805,1
1806,1
1812,1
1814,1
1817,1
1825,1
1834,1
1838,1
1839,1
1842,1
1843,1
1844,1
1845,1
1846,1
1849,1
1852,1
1853,1
1855,1
1857,1
1861,1
1865,1
1868,1
1869,1
1873,1
1874,1
1879,1
1880,1
1882,1
1885,1
1887,1
1894,1
1895,1
1901,1
1904,1
1905,1
1907,1
1910,1
1912,1
1914,1
1917,1
1922,1
1923,1
1924,1
1925,1
1927,1
1930,1
1932,1
1933,1
1935,1
1936,1
1937,1
1938,1
1948,1
1949,1
1950,1
1955,1
1958,1
1959,1
1961,1
1962,1
1963,1
1979,1
1980,1
1981,1
1988,1
1991,1
1995,1
1996,1
1998,1
2000,1
2002,1
2003,1
2004,1
2010,1
2011,1
2022,1
2023,1
2030,1
2033,1
2036,1
2042,1
2043,1
2045,1
2046,1
2048,1
2053,1
2055,1
2057,1
2060,1
2064,1
2066,1
2069,1
2072,1
2073,1
2074,1
2077,1
2080,1
2084,1
2085,1
2086,1
2091,1
2093,1
2095,1
2096,1
2097,1
2099,1
2100,1
2101,1
2106,1
2108,1
2110,1
2113,1
2114,1
2116,1
2119,1
2121,1
2122,1
2131,1
2133,1
2134,1
2136,1
2139,1
2140,1
2141,1
2143,1
2144,1
2145,1
2147,1
2150,1
2155,1
2156,1
2157,1
2158,1
2159,1
2160,1
2163,1
2166,1
2168,1
2170,1
2171,1
2172,1
2173,1
2174,1
2177,1
2180,1
2182,1
2189,1
2190,1
2191,1
2193,1
2200,1
2201,1
2202,1
2203,1
2204,1
2208,1
2209,1
2214,1
2215,1
2218,1
2220,1
2229,1
2230,1
2233,1
2238,1
2242,1
2247,1
2249,1
2250,1
2251,1
2258,1
2260,1
2261,1
2263,1
2284,1
2295,1
2297,1
2299,1
2300,1
2302,1
2304,1
2308,1
2312,1
2314,1
2315,1
2316,1
2317,1
2318,1
2322,1
2328,1
2331,1
2332,1
2342,1
2346,1
2347,1
2351,1
2353,1
2356,1
2357,1
2358,1
2363,1
2378,1
2379,1
2380,1
2381,1
2383,1
2384,1
2385,1
2389,1
2391,1
2394,1
2396,1
2398,1
2402,1
2406,1
2407,1
2408,1
2412,1
2416,1
2417,1
2418,1
2420,1
2423,1
2424,1
2425,1
2431,1
2432,1
2452,1
2455,1
2457,1
2460,1
2468,1
2471,1
2472,1
2474,1
2480,1
2495,1
2498,1
2508,1
2509,1
2512,1
2516,1
2520,1
2524,1
2525,1
2527,1
2541,1
2544,1
2548,1
2549,1
2550,1
2552,1
2554,1
2560,1
2562,1
2563,1
2567,1
2571,1
2572,1
2573,1
2574,1
2576,1
2577,1
2578,1
2580,1
2581,1
2582,1
2583,1
2591,1
2592,1
2593,1
2597,1
2598,1
2600,1
2601,1
2605,1
2609,1
2623,1
2628,1
2633,1
2635,1
2646,1
2652,1
2653,1
2657,1
2660,1
2661,1
2662,1
2663,1
2667,1
2673,1
2678,1
2679,1
2681,1
2685,1
2687,1
2690,1
2692,1
2693,1
2696,1
2698,1
2702,1
2703,1
2704,1
2705,1
2706,1
2708,1
2710,1
2711,1
2713,1
2717,1
2719,1
2721,1
2728,1
2744,1
2746,1
2750,1
2754,1
2755,1
2758,1
2759,1
2763,1
2764,1
2765,1
2768,1
2772,1
2779,1
2780,1
2783,1
2789,1
2791,1
2792,1
2796,1
2799,1
2800,1
2802,1
2807,1
2808,1
2809,1
2810,1
2814,1
2817,1
2821,1
2822,1
2823,1
2826,1
2827,1
2829,1
2830,1
2831,1
2836,1
2837,1
2839,1
2845,1
2848,1
2850,1
2854,1
2860,1
2861,1
2862,1
2864,1
2867,1
2868,1
2875,1
2881,1
2884,1
2887,1
2888,1
2890,1
2892,1
2898,1
2903,1
2904,1
2905,1
2906,1
2908,1
2909,1
2912,1
2921,1
2922,1
2926,1
2927,1
2928,1
2929,1
2932,1
2933,1
2934,1
2935,1
2938,1
2940,1
2942,1
2944,1
2945,1
2947,1
2948,1
2949,1
2950,1
2951,1
2952,1
2953,1
2954,1
2957,1
2961,1
2963,1
2968,1
2969,1
2976,1
2979,1
2981,1
2989,1
2994,1
2995,1
2996,1
2998,1
3001,1
3002,1
3004,1
3006,1
3008,1
3009,1
3010,1
3014,1
3015,1
3017,1
3018,1
3019,1
3022,1
3024,1
3025,1
3027,1
3028,1
3032,1
3034,1
3036,1
3038,1
3042,1
3043,1
3044,1
3050,1
3058,1
3059,1
3060,1
3062,1
3063,1
3066,1
3068,1
3074,1
3076,1
3081,1
3082,1
3085,1
3093,1
3097,1
3098,1
3100,1
3101,1
3103,1
3106,1
3107,1
3108,1
3109,1
3118,1
3119,1
3122,1
3123,1
3124,1
3126,1
3129,1
3147,1
3149,1
3151,1
3159,1
3161,1
3162,1
3163,1
3166,1
3169,1
3170,1
3173,1
3176,1
3181,1
3182,1
3183,1
3184,1
3187,1
3188,1
3189,1
3191,1
3192,1
3193,1
3213,1
3219,1
3222,1
3224,1
3228,1
3229,1
3230,1
3236,1
3239,1
3241,1
3242,1
3243,1
3245,1
3246,1
3247,1
3248,1
3249,1
3251,1
3257,1
3261,1
3263,1
3265,1
3270,1
3276,1
3279,1
3283,1
3288,1
3290,1
3291,1
3293,1
3296,1
3297,1
3301,1
3305,1
3306,1
3308,1
3310,1
3312,1
3314,1
3315,1
3316,1
3317,1
3318,1
3319,1
3320,1
3321,1
3322,1
3323,1
3324,1
3325,1
3326,1
3328,1
3330,1
3331,1
3332,1
3336,1
3338,1
3339,1
3343,1
3344,1
3345,1
3356,1
3363,1
3364,1
3365,1
3366,1
3370,1
3373,1
3375,1
3380,1
3383,1
3384,1
3386,1
3387,1
3389,1
3392,1
3399,1
3407,1
3410,1
3418,1
3419,1
3422,1
3423,1
3429,1
3430,1
3431,1
3439,1
3440,1
3441,1
3442,1
3443,1
3451,1
3454,1
3455,1
3457,1
3458,1
3459,1
3461,1
3472,1
3473,1
3476,1
3477,1
3478,1
3485,1
3486,1
3490,1
3491,1
3495,1
3496,1
3498,1
3501,1
3505,1
3506,1
3513,1
3514,1
3515,1
3516,1
3518,1
3519,1
3524,1
3526,1
3527,1
3528,1
3529,1
3536,1
3539,1
3541,1
3545,1
3552,1
3554,1
3556,1
3558,1
3560,1
3562,1
3568,1
3572,1
3579,1
3581,1
3582,1
3583,1
3584,1
3589,1
3590,1
3596,1
3598,1
3599,1
3601,1
3602,1
3604,1
3606,1
3609,1
3616,1
3618,1
3620,1
3621,1
3622,1
3623,1
3624,1
3625,1
3628,1
3630,1
3637,1
3643,1
3644,1
3646,1
3647,1
3654,1
3655,1
3658,1
3660,1
3663,1
3668,1
3671,1
3676,1
3680,1
3681,1
3684,1
3686,1
3687,1
3692,1
3693,1
3694,1
3698,1
3701,1
3703,1
3705,1
3708,1
3716,1
3718,1
3719,1
3722,1
3726,1
3728,1
3732,1
3734,1
3735,1
3739,1
3746,1
3750,1
3752,1
3753,1
3754,1
3757,1
3759,1
3760,1
3763,1
3770,1
3771,1
3772,1
3777,1
3778,1
3779,1
3780,1
3793,1
3795,1
3796,1
3799,1
3800,1
3801,1
3802,1
3804,1
3806,1
3807,1
3813,1
3817,1
3819,1
3826,1
3828,1
3829,1
3830,1
3836,1
3841,1
3842,1
3860,1
3864,1
3867,1
3868,1
3870,1
3873,1
3878,1
3885,1
3887,1
3888,1
3892,1
3893,1
3902,1
3904,1
3913,1
3920,1
3921,1
3926,1
3927,1
3928,1
3932,1
3935,1
3936,1
3938,1
3939,1
3943,1
3944,1
3946,1
3953,1
3958,1
3959,1
3960,1
3961,1
3966,1
3967,1
3968,1
3975,1
3980,1
3984,1
3986,1
3987,1
4000,1
4001,1
4008,1
4009,1
4010,1
4011,1
4012,1
4025,1
4029,1
4034,1
4037,1
4038,1
4043,1
4046,1
4051,1
4060,1
4061,1
4066,1
4080,1
4081,1
4084,1
4085,1
4087,1
4093,1
4096,1
4097,1
4100,1
4115,1
4116,1
4118,1
4121,1
4122,1
4123,1
4124,1
4129,1
4136,1
4138,1
4139,1
4140,1
4141,1
4142,1
4143,1
4146,1
4147,1
4164,1
4171,1
4173,1
4176,1
4177,1
4178,1
4179,1
4186,1
4194,1
4201,1
4204,1
4206,1
4219,1
4221,1
4223,1
4228,1
4229,1
4234,1
4238,1
4239,1
4240,1
4241,1
4245,1
4246,1
4249,1
4250,1
4254,1
4257,1
4261,1
4263,1
4267,1
4269,1
4276,1
4285,1
4287,1
4290,1
4291,1
4292,1
4293,1
4294,1
4296,1
4299,1
4300,1
4301,1
4302,1
4307,1
4308,1
4309,1
4311,1
4312,1
4314,1
4315,1
4318,1
4320,1
4321,1
4325,1
4342,1
4348,1
4351,1
4352,1
4354,1
4360,1
4363,1
4364,1
4365,1
4369,1
4370,1
4374,1
4377,1
4378,1
4379,1
4381,1
4382,1
4383,1
4386,1
4387,1
4404,1
4405,1
4408,1
4409,1
4411,1
4413,1
4417,1
4418,1
4419,1
4420,1
4435,1
4437,1
4448,1
4451,1
4461,1
4463,1
4476,1
4477,1
4479,1
4480,1
4481,1
4483,1
4485,1
4486,1
4490,1
4493,1
4495,1
4496,1
4501,1
4506,1
4511,1
4514,1
4517,1
4518,1
4519,1
4520,1
4523,1
4525,1
4526,1
4528,1
4529,1
4531,1
4534,1
4538,1
4539,1
4540,1
4541,1
4547,1
4554,1
4571,1
4590,1
4591,1
4592,1
4597,1
4605,1
4617,1
4620,1
4621,1
4622,1
4624,1
4627,1
4630,1
4631,1
4633,1
4635,1
4637,1
4640,1
4642,1
4643,1
4645,1
4648,1
4652,1
4653,1
4656,1
4657,1
4658,1
4659,1
4660,1
4662,1
4664,1
4674,1
4675,1
4677,1
4683,1
4684,1
4689,1
4696,1
4697,1
4699,1
4702,1
4704,1
4705,1
4706,1
4707,1
4708,1
4710,1
4719,1
4740,1
4751,1
4752,1
4754,1
4757,1
4761,1
4762,1
4763,1
4765,1
4772,1
4774,1
4775,1
4779,1
4781,1
4783,1
4785,1
4786,1
4787,1
4788,1
4789,1
4790,1
4792,1
4795,1
4799,1
4802,1
4804,1
4805,1
4810,1
4812,1
4813,1
4814,1
4815,1
4819,1
4820,1
4822,1
4825,1
4829,1
4834,1
4838,1
4843,1
4845,1
4846,1
4847,1
4851,1
4852,1
4853,1
4855,1
4858,1
4859,1
4864,1
4865,1
4866,1
4868,1
4869,1
4870,1
4871,1
4873,1
4874,1
4875,1
4876,1
4878,1
4880,1
4888,1
4889,1
4891,1
4896,1
4902,1
4908,1
4912,1
4913,1
4917,1
4920,1
4921,1
4922,1
4923,1
4927,1
4928,1
4929,1
4931,1
4935,1
4936,1
4938,1
4939,1
4940,1
4942,1
4947,1
4951,1
4960,1
4961,1
4962,1
4964,1
4971,1
4973,1
4975,1
4977,1
4978,1
4980,1
4981,1
4991,1
4993,1
4994,1
4997,1
4999,1
5001,1
5006,1
5007,1
5011,1
5025,1
5030,1
5036,1
5037,1
5038,1
5040,1
5042,1
5045,1
5047,1
5048,1
5049,1
5053,1
5054,1
5055,1
5057,1
5060,1
5064,1
5065,1
5068,1
5070,1
5072,1
5073,1
5074,1
5079,1
5083,1
5084,1
5085,1
5087,1
5091,1
5092,1
5094,1
5101,1
5102,1
5108,1
5109,1
5111,1
5113,1
5114,1
5117,1
5122,1
5124,1
5125,1
5126,1
5127,1
5128,1
5130,1
5133,1
5134,1
5135,1
5137,1
5138,1
5139,1
5141,1
5148,1
5149,1
5153,1
5159,1
5160,1
5162,1
5163,1
5164,1
5165,1
5166,1
5167,1
5168,1
5169,1
5172,1
5176,1
5180,1
5181,1
5182,1
5183,1
5197,1
5198,1
5199,1
5201,1
5202,1
5203,1
5204,1
5206,1
5208,1
5209,1
5210,1
5211,1
5212,1
5214,1
5222,1
5227,1
5228,1
5231,1
5234,1
5235,1
5238,1
5240,1
5241,1
5244,1
5245,1
5246,1
5253,1
5254,1
5256,1
5259,1
5262,1
5263,1
5267,1
5268,1
5269,1
5270,1
5271,1
5272,1
5273,1
5274,1
5276,1
5277,1
5278,1
5281,1
5283,1
5284,1
5285,1
5286,1
5287,1
5288,1
5295,1
5300,1
5302,1
5303,1
5306,1
5308,1
5313,1
5316,1
5317,1
5319,1
5320,1
5321,1
5322,1
5323,1
5324,1
5326,1
5327,1
5329,1
5330,1
5332,1
5333,1
5334,1
5341,1
5344,1
5345,1
5346,1
5354,1
5359,1
5368,1
5369,1
5370,1
5371,1
5373,1
5376,1
5377,1
5378,1
5379,1
5380,1
5381,1
5386,1
5393,1
5413,1
5414,1
5416,1
5417,1
5418,1
5419,1
5420,1
5422,1
5423,1
5424,1
5425,1
5426,1
5427,1
5428,1
5429,1
5433,1
5441,1
5446,1
5450,1
5454,1
5457,1
5460,1
5469,1
5471,1
5472,1
5474,1
5480,1
5481,1
5484,1
5485,1
5488,1
5490,1
5493,1
5494,1
5497,1
5498,1
5509,1
5512,1
5513,1
5517,1
5519,1
5521,1
5522,1
5523,1
5524,1
5525,1
5526,1
5534,1
5536,1
5537,1
5539,1
5541,1
5542,1
5545,1
5547,1
5549,1
5557,1
5558,1
5559,1
5561,1
5562,1
5563,1
5565,1
5566,1
5567,1
5571,1
5576,1
5577,1
5579,1
5580,1
5583,1
5587,1
5591,1
5595,1
5597,1
5607,1
5611,1
5614,1
5616,1
5622,1
5623,1
5628,1
5631,1
5632,1
5638,1
5640,1
5641,1
5643,1
5644,1
5646,1
5647,1
5649,1
5651,1
5656,1
5658,1
5659,1
5661,1
5662,1
5664,1
5680,1
5682,1
5683,1
5684,1
5686,1
5688,1
5689,1
5690,1
5691,1
5694,1
5695,1
5696,1
5698,1
5703,1
5705,1
5708,1
5709,1
5710,1
5713,1
5714,1
5720,1
5722,1
5725,1
5734,1
5738,1
5745,1
5746,1
5755,1
5756,1
5757,1
5758,1
5759,1
5760,1
5762,1
5770,1
5771,1
5774,1
5775,1
5780,1
5783,1
5784,1
5785,1
5786,1
5793,1
5794,1
5795,1
5797,1
5798,1
5801,1
5804,1
5809,1
5810,1
5811,1
5812,1
5814,1
5816,1
5817,1
5818,1
5819,1
5820,1
5821,1
5825,1
5828,1
5829,1
5830,1
5831,1
5832,1
5836,1
5837,1
5841,1
5843,1
5847,1
5848,1
5849,1
5850,1
5851,1
5853,1
5854,1
5855,1
5858,1
5862,1
5863,1
5865,1
5866,1
5867,1
5868,1
5869,1
5870,1
5872,1
5876,1
5877,1
5879,1
5880,1
5882,1
5884,1
5885,1
5886,1
5887,1
5888,1
5889,1
5890,1
5891,1
5892,1
5893,1
5894,1
5895,1
5897,1
5898,1
5899,1
5900,1
5901,1
5902,1
5904,1
5905,1
5906,1
5907,1
5908,1
5911,1
5912,1
5913,1
5914,1
5916,1
5917,1
5918,1
5919,1
5921,1
5922,1
5923,1
5925,1
5927,1
5928,1
5929,1
5930,1
5931,1
5932,1
5933,1
5934,1
5935,1
5936,1
5937,1
5938,1
5939,1
5940,1
5941,1
5942,1
5943,1
5944,1
5945,1
5946,1
5947,1
5948,1
5949,1
5950,1
5951,1
5952,1
5953,1
5954,1
5956,1
5958,1
5959,1
5960,1
5961,1
5966,1
5972,1
5978,1
5980,1
5981,1
5982,1
5984,1
5986,1
5988,1
5989,1
5992,1
5993,1
5994,1
5995,1
5996,1
5997,1
6000,1
6001,1
6003,1
6004,1
6007,1
6009,1
6013,1
6015,1
6016,1
6018,1
6019,1
6020,1
6024,1
6027,1
6028,1
6030,1
6031,1
6032,1
6033,1
6035,1
6037,1
6039,1
6040,1
6041,1
6042,1
6043,1
6044,1
6047,1
6048,1
6050,1
6053,1
6054,1
6058,1
6059,1
6060,1
6061,1
6062,1
6063,1
6065,1
6066,1
6068,1
6070,1
6081,1
6082,1
6086,1
6087,1
6088,1
6090,1
6094,1
6096,1
6097,1
6098,1
6099,1
6105,1
6110,1
6112,1
6113,1
6114,1
6115,1
6116,1
6117,1
6119,1
6120,1
6121,1
6124,1
6125,1
6126,1
6128,1
6129,1
6133,1
6134,1
6135,1
6136,1
6137,1
6138,1
6139,1
6140,1
6141,1
6144,1
6145,1
6146,1
6147,1
6148,1
6149,1
6152,1
6153,1
6154,1
6155,1
6158,1
6162,1
6163,1
6164,1
6165,1
6170,1
6171,1
6172,1
6175,1
6176,1
6179,1
6180,1
6181,1
6183,1
6186,1
6187,1
6188,1
6189,1
6190,1
6192,1
6194,1
6200,1
6201,1
6206,1
6210,1
6212,1
6213,1
6215,1
6216,1
6219,1
6221,1
6222,1
6223,1
6226,1
6227,1
6234,1
6235,1
6236,1
6237,1
6238,1
6239,1
6240,1
6241,1
6242,1
6243,1
6244,1
6245,1
6248,1
6249,1
6251,1
6252,1
6253,1
6257,1
6258,1
6261,1
6262,1
6267,1
6268,1
6272,1
6273,1
6274,1
6275,1
6280,1
6282,1
6283,1
6284,1
6285,1
6289,1
6293,1
6302,1
6303,1
6304,1
6306,1
6307,1
6309,1
6311,1
6313,1
6317,1
6322,1
6323,1
6326,1
6327,1
6328,1
6330,1
6331,1
6332,1
6333,1
6334,1
6338,1
6340,1
6341,1
6343,1
6344,1
6345,1
6347,1
6350,1
6354,1
6355,1
6356,1
6359,1
6363,1
6366,1
6368,1
6369,1
6370,1
6371,1
6372,1
6373,1
6374,1
6377,1
6378,1
6380,1
6382,1
6389,1
6391,1
6392,1
6395,1
6396,1
6398,1
6409,1
6410,1
6411,1
6413,1
6415,1
6416,1
6421,1
6423,1
6424,1
6425,1
6426,1
6428,1
6432,1
6433,1
6434,1
6438,1
6444,1
6446,1
6447,1
6448,1
6449,1
6451,1
6454,1
6457,1
6459,1
6467,1
6469,1
6473,1
6474,1
6475,1
6476,1
6477,1
6478,1
6479,1
6480,1
6481,1
6482,1
6487,1
6492,1
6493,1
6494,1
6495,1
6497,1
6498,1
6500,1
6501,1
6502,1
6504,1
6511,1
6512,1
6514,1
6515,1
6517,1
6519,1
6520,1
6522,1
6525,1
6527,1
6533,1
6534,1
6537,1
6540,1
6541,1
6544,1
6545,1
6546,1
6549,1
6551,1
6552,1
6555,1
6556,1
6562,1
6563,1
6566,1
6567,1
6571,1
6574,1
6576,1
6579,1
6580,1
6582,1
6584,1
6585,1
6587,1
6590,1
6591,1
6593,1
6594,1
6596,1
6599,1
6604,1
6610,1
6612,1
6613,1
6616,1
6617,1
6618,1
6620,1
6621,1
6622,1
6623,1
6624,1
6625,1
6626,1
6627,1
6633,1
6634,1
6635,1
6636,1
6638,1
6639,1
6640,1
6641,1
6642,1
6643,1
6644,1
6645,1
6647,1
6648,1
6651,1
6652,1
6653,1
6654,1
6656,1
6658,1
6662,1
6663,1
6665,1
6666,1
6671,1
6677,1
6679,1
6683,1
6688,1
6691,1
6692,1
6693,1
6697,1
6700,1
6702,1
6703,1
6704,1
6711,1
6712,1
6713,1
6716,1
6720,1
6722,1
6723,1
6724,1
6725,1
6730,1
6731,1
6735,1
6736,1
6739,1
6744,1
6746,1
6747,1
6750,1
6752,1
6754,1
6755,1
6756,1
6759,1
6760,1
6763,1
6767,1
6768,1
6770,1
6773,1
6775,1
6777,1
6778,1
6781,1
6782,1
6783,1
6785,1
6790,1
6791,1
6794,1
6795,1
6796,1
6797,1
6798,1
6799,1
6800,1
6802,1
6803,1
6804,1
6805,1
6807,1
6809,1
6810,1
6811,1
6812,1
6813,1
6814,1
6815,1
6816,1
6818,1
6819,1
6823,1
6827,1
6831,1
6834,1
6838,1
6840,1
6841,1
6842,1
6843,1
6844,1
6846,1
6848,1
6850,1
6854,1
6857,1
6859,1
6860,1
6862,1
6863,1
6867,1
6868,1
6869,1
6873,1
6875,1
6876,1
6877,1
6879,1
6880,1
6881,1
6882,1
6883,1
6884,1
6885,1
6886,1
6887,1
6889,1
6893,1
6894,1
6897,1
6899,1
6900,1
6910,1
6911,1
6912,1
6914,1
6916,1
6917,1
6918,1
6921,1
6924,1
6926,1
6928,1
6929,1
6930,1
6932,1
6934,1
6935,1
6936,1
6939,1
6940,1
6942,1
6943,1
6944,1
6945,1
6946,1
6947,1
6949,1
6950,1
6951,1
6953,1
6954,1
6955,1
6957,1
6958,1
6959,1
6960,1
6962,1
6965,1
6971,1
6974,1
6978,1
6982,1
6985,1
6986,1
6991,1
6992,1
6993,1
6995,1
6996,1
6998,1
7001,1
7003,1
7004,1
7006,1
7009,1
7010,1
7011,1
7013,1
7014,1
7015,1
7016,1
7019,1
7020,1
7022,1
7028,1
7030,1
7031,1
7032,1
7033,1
7038,1
7039,1
7042,1
7044,1
7045,1
7049,1
7050,1
7051,1
7052,1
7055,1
7056,1
7057,1
7058,1
7061,1
7062,1
7064,1
7066,1
7067,1
7068,1
7071,1
7072,1
7073,1
7074,1
7075,1
7076,1
7078,1
7079,1
7082,1
7087,1
7092,1
7097,1
7098,1
7099,1
7104,1
7108,1
7113,1
7114,1
7122,1
7124,1
7125,1
7126,1
7127,1
7128,1
7129,1
7131,1
7133,1
7137,1
7140,1
7146,1
7148,1
7149,1
7150,1
7151,1
7152,1
7153,1
7155,1
7157,1
7165,1
7171,1
7173,1
7176,1
7177,1
7178,1
7179,1
7180,1
7181,1
7182,1
7192,1
7193,1
7194,1
7196,1
7198,1
7199,1
7202,1
7203,1
7204,1
7205,1
7208,1
7209,1
7211,1
7212,1
7214,1
7219,1
7220,1
7221,1
7235,1
7237,1
7238,1
7240,1
7241,1
7242,1
7249,1
7252,1
7253,1
7255,1
7259,1
7263,1
7264,1
7268,1
7270,1
7272,1
7275,1
7276,1
7277,1
7278,1
7282,1
7283,1
7286,1
7287,1
7293,1
7295,1
7297,1
7299,1
7300,1
7301,1
7305,1
7307,1
7309,1
7316,1
7317,1
7321,1
7322,1
7323,1
7324,1
7328,1
7329,1
7331,1
7333,1
7342,1
7345,1
7351,1
7356,1
7357,1
7366,1
7368,1
7369,1
7370,1
7371,1
7374,1
7390,1
7391,1
7396,1
7397,1
7398,1
7404,1
7405,1
7407,1
7409,1
7410,1
7412,1
7413,1
7416,1
7418,1
7424,1
7427,1
7428,1
7432,1
7440,1
7442,1
7443,1
7444,1
7450,1
7453,1
7455,1
7457,1
7460,1
7461,1
7462,1
7467,1
7468,1
7470,1
7471,1
7472,1
7475,1
7477,1
7478,1
7480,1
7482,1
7483,1
7485,1
7490,1
7491,1
7492,1
7493,1
7494,1
7495,1
7496,1
7497,1
7498,1
7499,1
7500,1
7501,1
7502,1
7504,1
7507,1
7508,1
7510,1
7511,1
7512,1
7516,1
7517,1
7518,1
7521,1
7524,1
7527,1
7528,1
7529,1
7531,1
7534,1
7536,1
7542,1
7543,1
7547,1
7550,1
7552,1
7554,1
7557,1
7559,1
7561,1
7562,1
7564,1
7565,1
7567,1
7568,1
7569,1
7570,1
7571,1
7572,1
7573,1
7576,1
7577,1
7578,1
7579,1
7580,1
7581,1
7582,1
7584,1
7585,1
7586,1
7588,1
7590,1
7593,1
7595,1
7596,1
7597,1
7599,1
7600,1
7601,1
7602,1
7603,1
7604,1
7605,1
7606,1
7607,1
7608,1
7609,1
7610,1
7611,1
7612,1
7613,1
7614,1
7615,1
7616,1
7617,1
7618,1
7619,1
7620,1
7621,1
7622,1
7629,1
7635,1
7636,1
7638,1
7639,1
7640,1
7643,1
7648,1
7649,1
7653,1
7655,1
7656,1
7657,1
7658,1
7660,1
7662,1
7664,1
7665,1
7667,1
7668,1
7670,1
7678,1
7680,1
7685,1
7690,1
7691,1
7696,1
7697,1
7699,1
7702,1
7705,1
7709,1
7710,1
7711,1
7712,1
7714,1
7715,1
7717,1
7719,1
7722,1
7723,1
7725,1
7726,1
7727,1
7729,1
7730,1
7732,1
7733,1
7736,1
7741,1
7742,1
7744,1
7750,1
7752,1
7753,1
7754,1
7756,1
7757,1
7758,1
7762,1
7764,1
7765,1
7766,1
7767,1
7768,1
7769,1
7770,1
7771,1
7772,1
7773,1
7774,1
7775,1
7776,1
7777,1
7779,1
7781,1
7782,1
7783,1
7784,1
7785,1
7786,1
7787,1
7788,1
7789,1
7791,1
7793,1
7794,1
7797,1
7798,1
7799,1
7803,1
7808,1
7809,1
7810,1
7812,1
7815,1
7817,1
7818,1
7821,1
7823,1
7827,1
7835,1
7840,1
7843,1
7845,1
7848,1
7852,1
7855,1
7856,1
7858,1
7859,1
7860,1
7864,1
7866,1
7868,1
7869,1
7879,1
7880,1
7881,1
7882,1
7883,1
7884,1
7885,1
7887,1
7888,1
7890,1
7895,1
7896,1
7897,1
7902,1
7904,1
7905,1
7906,1
7908,1
7909,1
7910,1
7913,1
7921,1
7929,1
7931,1
7934,1
7942,1
7946,1
7947,1
7949,1
7950,1
7951,1
7952,1
7953,1
7954,1
7956,1
7957,1
7958,1
7959,1
7960,1
7961,1
7962,1
7963,1
7964,1
7965,1
7967,1
7970,1
7971,1
7972,1
7973,1
7975,1
7977,1
7980,1
7982,1
7986,1
7987,1
7988,1
7991,1
7994,1
7999,1
8001,1
8002,1
8003,1
8004,1
8006,1
8010,1
8011,1
8012,1
8013,1
8016,1
8018,1
8019,1
8020,1
8022,1
8023,1
8026,1
8028,1
8029,1
8030,1
8031,1
8032,1
8033,1
8035,1
8036,1
8037,1
8038,1
8039,1
8040,1
8041,1
8043,1
8044,1
8045,1
8046,1
8047,1
8049,1
8052,1
8053,1
8055,1
8056,1
8058,1
8060,1
8061,1
8063,1
8064,1
8065,1
8066,1
8068,1
8069,1
8071,1
8072,1
8073,1
8074,1
8075,1
8076,1
8077,1
8079,1
8080,1
8082,1
8083,1
8084,1
8087,1
8088,1
8090,1
8093,1
8094,1
8096,1
8097,1
8098,1
8100,1
8102,1
8103,1
8106,1
8107,1
8111,1
8112,1
8117,1
8119,1
8124,1
8126,1
8127,1
8128,1
8129,1
8131,1
8133,1
8134,1
8135,1
8136,1
8139,1
8140,1
8141,1
8144,1
8147,1
8148,1
8149,1
8152,1
8153,1
8155,1
8156,1
8158,1
8159,1
8160,1
8163,1
8164,1
8167,1
8168,1
8170,1
8175,1
8176,1
8177,1
8180,1
8184,1
8185,1
8188,1
8189,1
8190,1
8191,1
8192,1
8196,1
8197,1
8198,1
8199,1
8201,1
8203,1
8205,1
8206,1
8211,1
8212,1
8213,1
8214,1
8216,1
8218,1
8220,1
8221,1
8222,1
8223,1
8224,1
8225,1
8226,1
8227,1
8229,1
8230,1
8233,1
8234,1
8238,1
8239,1
8240,1
8243,1
8248,1
8249,1
8250,1
8252,1
8253,1
8255,1
8257,1
8259,1
8260,1
8262,1
8263,1
8264,1
8267,1
8271,1
8273,1
8275,1
8276,1
8277,1
8279,1
8280,1
8282,1
8284,1
8285,1
8286,1
8288,1
8289,1
8290,1
8291,1
8292,1
8293,1
8296,1
8297,1
8299,1
8300,1
8302,1
8305,1
8306,1
8308,1
8309,1
8310,1
8312,1
8313,1
8315,1
8316,1
8319,1
8320,1
8321,1
8324,1
8325,1
8326,1
8327,1
8328,1
8334,1
8336,1
8337,1
8338,1
8339,1
8340,1
8342,1
8345,1
8346,1
8349,1
8353,1
8355,1
8356,1
8357,1
8361,1
8362,1
8363,1
8366,1
8368,1
8372,1
8373,1
8376,1
8378,1
8379,1
8381,1
8382,1
8385,1
8386,1
8389,1
8390,1
8391,1
8394,1
8395,1
8396,1
8398,1
8401,1
8402,1
8403,1
8404,1
8405,1
8406,1
8407,1
8411,1
8412,1
8413,1
8414,1
8415,1
8416,1
8417,1
8418,1
8420,1
8421,1
8422,1
8423,1
8427,1
8429,1
8431,1
8435,1
8436,1
8437,1
8438,1
8440,1
8442,1
8443,1
8444,1
8446,1
8449,1
8450,1
8452,1
8453,1
8455,1
8456,1
8457,1
8458,1
8459,1
8462,1
8463,1
8465,1
8466,1
8467,1
8469,1
8470,1
8471,1
8474,1
8475,1
8478,1
8479,1
8480,1
8487,1
8489,1
8490,1
8493,1
8494,1
8495,1
8496,1
8499,1
8500,1
8501,1
8502,1
8503,1
8504,1
8506,1
8508,1
8512,1
8513,1
8514,1
8516,1
8518,1
8519,1
8520,1
8521,1
8523,1
8524,1
8525,1
8526,1
8527,1
8528,1
8530,1
8532,1
8533,1
8534,1
8535,1
8536,1
8538,1
8540,1
8541,1
8542,1
8543,1
8546,1
8548,1
8549,1
8550,1
8552,1
8553,1
8555,1
8558,1
8559,1
8560,1
8565,1
8573,1
8574,1
8579,1
8581,1
8582,1
8584,1
8587,1
8588,1
8595,1
8596,1
8597,1
8598,1
8599,1
8604,1
8605,1
8606,1
8608,1
8609,1
8611,1
8616,1
8617,1
8619,1
8622,1
8624,1
8625,1
8626,1
8627,1
8632,1
8633,1
8635,1
8636,1
8637,1
8638,1
8639,1
8641,1
8642,1
8643,1
8644,1
8645,1
8646,1
8652,1
8655,1
8656,1
8657,1
8658,1
8659,1
8661,1
8665,1
8668,1
8669,1
8670,1
8671,1
8674,1
8676,1
8678,1
8679,1
8690,1
8692,1
8694,1
8695,1
8697,1
8702,1
8703,1
8704,1
8705,1
8707,1
8708,1
8709,1
8711,1
8715,1
8716,1
8717,1
8723,1
8725,1
8727,1
8728,1
8729,1
8730,1
8731,1
8732,1
8735,1
8736,1
8739,1
8740,1
8743,1
8744,1
8746,1
8748,1
8751,1
8752,1
8753,1
8755,1
8756,1
8757,1
8758,1
8761,1
8764,1
8765,1
8766,1
8767,1
8768,1
8775,1
8781,1
8782,1
8783,1
8788,1
8791,1
8792,1
8794,1
8798,1
8803,1
8805,1
8806,1
2,2
47,2
134,2
294,2
765,2
882,2
886,2
1154,2
1173,2
1515,2
1536,2
1594,2
1906,2
1938,2
2039,2
2047,2
2088,2
2188,2
2217,2
2245,2
2585,2
2612,2
2818,2
2833,2
2852,2
2863,2
2871,2
2900,2
2916,2
2925,2
2962,2
2991,2
3091,2
3112,2
3153,2
3212,2
3393,2
4464,2
4856,2
4942,2
5119,2
5517,2
5761,2
5982,2
6004,2
6034,2
6234,2
6372,2
6598,2
6618,2
6996,2
7094,2
7854,2
7929,2
7994,2
8411,2
8457,2
8497,2
8626,2
8627,2
8633,2
8747,2
5,3
25,3
30,3
40,3
51,3
67,3
70,3
106,3
115,3
117,3
119,3
127,3
191,3
193,3
196,3
200,3
201,3
202,3
203,3
204,3
205,3
206,3
207,3
208,3
209,3
210,3
211,3
212,3
216,3
217,3
218,3
254,3
260,3
267,3
298,3
302,3
384,3
411,3
416,3
519,3
529,3
542,3
543,3
552,3
736,3
737,3
851,3
872,3
874,3
877,3
878,3
893,3
904,3
910,3
912,3
914,3
919,3
960,3
974,3
975,3
999,3
1017,3
1018,3
1019,3
1020,3
1021,3
1022,3
1023,3
1024,3
1038,3
1061,3
1070,3
1076,3
1088,3
1094,3
1099,3
1109,3
1115,3
1116,3
1123,3
1142,3
1166,3
1203,3
1204,3
1228,3
1229,3
1231,3
1245,3
1266,3
1282,3
1283,3
1292,3
1294,3
1296,3
1306,3
1317,3
1377,3
1389,3
1411,3
1423,3
1424,3
1427,3
1429,3
1430,3
1442,3
1473,3
1490,3
1492,3
1521,3
1543,3
1562,3
1590,3
1619,3
1639,3
1654,3
1671,3
1674,3
1675,3
1676,3
1677,3
1679,3
1680,3
1681,3
1684,3
1703,3
1713,3
1742,3
1778,3
1796,3
1843,3
1854,3
1859,3
1862,3
1863,3
1864,3
1866,3
1867,3
1870,3
1886,3
1898,3
1939,3
1940,3
1941,3
1942,3
1943,3
1944,3
1945,3
1946,3
1947,3
1951,3
1958,3
1972,3
1973,3
1975,3
1976,3
1977,3
1978,3
1983,3
2016,3
2017,3
2018,3
2019,3
2020,3
2021,3
2024,3
2026,3
2027,3
2031,3
2075,3
2083,3
2087,3
2104,3
2127,3
2142,3
2187,3
2194,3
2205,3
2207,3
2265,3
2266,3
2267,3
2268,3
2269,3
2270,3
2271,3
2272,3
2273,3
2274,3
2275,3
2277,3
2278,3
2279,3
2280,3
2281,3
2282,3
2283,3
2285,3
2286,3
2287,3
2288,3
2289,3
2290,3
2291,3
2292,3
2293,3
2335,3
2337,3
2339,3
2340,3
2341,3
2343,3
2348,3
2354,3
2390,3
2393,3
2414,3
2415,3
2421,3
2446,3
2459,3
2473,3
2501,3
2535,3
2540,3
2545,3
2546,3
2563,3
2565,3
2588,3
2590,3
2611,3
2614,3
2626,3
2627,3
2630,3
2643,3
2645,3
2664,3
2665,3
2671,3
2684,3
2686,3
2716,3
2717,3
2718,3
2721,3
2722,3
2723,3
2724,3
2725,3
2726,3
2727,3
2729,3
2730,3
2731,3
2732,3
2733,3
2734,3
2735,3
2736,3
2738,3
2739,3
2742,3
2748,3
2751,3
2752,3
2757,3
2761,3
2766,3
2767,3
2793,3
2811,3
2816,3
2834,3
2842,3
2851,3
2857,3
2870,3
2874,3
2897,3
2899,3
2917,3
2918,3
2936,3
2941,3
2955,3
2958,3
2970,3
2986,3
2987,3
2988,3
3005,3
3007,3
3023,3
3033,3
3037,3
3049,3
3061,3
3078,3
3079,3
3127,3
3132,3
3133,3
3134,3
3135,3
3136,3
3137,3
3140,3
3142,3
3143,3
3144,3
3146,3
3148,3
3150,3
3159,3
3164,3
3190,3
3194,3
3196,3
3197,3
3199,3
3202,3
3207,3
3225,3
3234,3
3252,3
3255,3
3268,3
3269,3
3279,3
3294,3
3300,3
3313,3
3335,3
3360,3
3404,3
3413,3
3447,3
3464,3
3465,3
3467,3
3468,3
3469,3
3482,3
3487,3
3497,3
3499,3
3510,3
3517,3
3531,3
3532,3
3533,3
3538,3
3564,3
3565,3
3567,3
3570,3
3590,3
3594,3
3595,3
3603,3
3617,3
3631,3
3632,3
3656,3
3659,3
3662,3
3700,3
3702,3
3714,3
3715,3
3730,3
3740,3
3741,3
3751,3
3766,3
3769,3
3782,3
3784,3
3789,3
3791,3
3805,3
3820,3
3823,3
3869,3
3875,3
3886,3
3891,3
3900,3
3911,3
3912,3
3914,3
3915,3
3916,3
3917,3
3918,3
3919,3
3933,3
3940,3
3951,3
3963,3
3976,3
3982,3
3998,3
4003,3
4055,3
4073,3
4082,3
4086,3
4089,3
4095,3
4098,3
4099,3
4102,3
4103,3
4104,3
4107,3
4108,3
4109,3
4113,3
4135,3
4152,3
4153,3
4159,3
4183,3
4188,3
4189,3
4191,3
4198,3
4210,3
4222,3
4225,3
4226,3
4256,3
4258,3
4284,3
4286,3
4288,3
4304,3
4336,3
4347,3
4358,3
4359,3
4389,3
4392,3
4394,3
4395,3
4396,3
4412,3
4421,3
4422,3
4423,3
4424,3
4425,3
4426,3
4427,3
4428,3
4430,3
4432,3
4433,3
4434,3
4438,3
4439,3
4440,3
4441,3
4442,3
4443,3
4444,3
4445,3
4446,3
4447,3
4449,3
4450,3
4452,3
4453,3
4454,3
4455,3
4456,3
4457,3
4458,3
4459,3
4460,3
4465,3
4466,3
4467,3
4478,3
4497,3
4503,3
4507,3
4508,3
4510,3
4538,3
4557,3
4559,3
4560,3
4561,3
4562,3
4563,3
4564,3
4566,3
4568,3
4569,3
4570,3
4572,3
4573,3
4574,3
4575,3
4576,3
4577,3
4578,3
4579,3
4580,3
4581,3
4582,3
4583,3
4584,3
4585,3
4586,3
4587,3
4588,3
4589,3
4593,3
4594,3
4595,3
4596,3
4597,3
4598,3
4599,3
4600,3
4601,3
4602,3
4603,3
4604,3
4606,3
4608,3
4610,3
4611,3
4612,3
4613,3
4614,3
4615,3
4661,3
4667,3
4668,3
4669,3
4670,3
4680,3
4681,3
4682,3
4686,3
4691,3
4692,3
4693,3
4694,3
4695,3
4701,3
4702,3
4713,3
4714,3
4715,3
4720,3
4721,3
4722,3
4723,3
4724,3
4725,3
4726,3
4727,3
4728,3
4729,3
4730,3
4731,3
4732,3
4733,3
4734,3
4735,3
4736,3
4737,3
4738,3
4756,3
4791,3
4793,3
4794,3
4796,3
4797,3
4798,3
4801,3
4803,3
4826,3
4840,3
4861,3
4886,3
4887,3
4900,3
4905,3
4946,3
4949,3
4953,3
4954,3
4955,3
4956,3
4957,3
4976,3
4996,3
5008,3
5009,3
5010,3
5013,3
5015,3
5021,3
5022,3
5041,3
5080,3
5081,3
5089,3
5123,3
5131,3
5132,3
5136,3
5143,3
5152,3
5184,3
5187,3
5215,3
5218,3
5221,3
5291,3
5296,3
5297,3
5301,3
5304,3
5305,3
5310,3
5335,3
5338,3
5372,3
5392,3
5397,3
5399,3
5401,3
5409,3
5421,3
5430,3
5442,3
5448,3
5453,3
5456,3
5461,3
5462,3
5463,3
5470,3
5473,3
5482,3
5483,3
5486,3
5500,3
5501,3
5506,3
5516,3
5546,3
5548,3
5550,3
5572,3
5575,3
5585,3
5588,3
5600,3
5617,3
5618,3
5619,3
5630,3
5648,3
5652,3
5697,3
5702,3
5706,3
5711,3
5719,3
5768,3
5779,3
5834,3
5838,3
5962,3
5963,3
5967,3
5969,3
5970,3
5971,3
6002,3
6023,3
6025,3
6029,3
6036,3
6056,3
6064,3
6072,3
6073,3
6074,3
6075,3
6076,3
6077,3
6079,3
6093,3
6103,3
6104,3
6107,3
6108,3
6126,3
6131,3
6151,3
6160,3
6166,3
6167,3
6168,3
6169,3
6177,3
6203,3
6204,3
6207,3
6217,3
6218,3
6233,3
6247,3
6255,3
6256,3
6278,3
6290,3
6293,3
6294,3
6295,3
6296,3
6297,3
6299,3
6300,3
6301,3
6314,3
6315,3
6321,3
6351,3
6360,3
6375,3
6404,3
6419,3
6433,3
6437,3
6439,3
6440,3
6441,3
6450,3
6455,3
6465,3
6466,3
6473,3
6486,3
6496,3
6513,3
6516,3
6518,3
6523,3
6531,3
6542,3
6547,3
6554,3
6555,3
6565,3
6568,3
6569,3
6570,3
6578,3
6581,3
6589,3
6602,3
6603,3
6605,3
6611,3
6655,3
6667,3
6668,3
6669,3
6670,3
6695,3
6708,3
6734,3
6738,3
6740,3
6745,3
6758,3
6821,3
6826,3
6832,3
6833,3
6845,3
6852,3
6865,3
6871,3
6888,3
6892,3
6908,3
6913,3
6937,3
6961,3
6967,3
6974,3
6976,3
6989,3
6994,3
7000,3
7021,3
7023,3
7024,3
7036,3
7054,3
7065,3
7069,3
7080,3
7095,3
7096,3
7100,3
7103,3
7110,3
7116,3
7118,3
7119,3
7130,3
7136,3
7138,3
7142,3
7145,3
7159,3
7160,3
7161,3
7162,3
7163,3
7164,3
7166,3
7168,3
7169,3
7170,3
7172,3
7174,3
7175,3
7184,3
7185,3
7186,3
7187,3
7188,3
7189,3
7190,3
7191,3
7213,3
7225,3
7231,3
7239,3
7243,3
7248,3
7250,3
7260,3
7266,3
7281,3
7309,3
7338,3
7347,3
7361,3
7362,3
7364,3
7365,3
7367,3
7373,3
7381,3
7382,3
7383,3
7384,3
7387,3
7388,3
7389,3
7394,3
7395,3
7401,3
7402,3
7408,3
7414,3
7420,3
7423,3
7429,3
7438,3
7451,3
7454,3
7459,3
7463,3
7476,3
7513,3
7514,3
7525,3
7533,3
7553,3
7555,3
7558,3
7566,3
7583,3
7591,3
7596,3
7597,3
7653,3
7654,3
7663,3
7666,3
7681,3
7683,3
7689,3
7692,3
7703,3
7707,3
7708,3
7713,3
7718,3
7720,3
7737,3
7740,3
7743,3
7745,3
7760,3
7790,3
7792,3
7802,3
7804,3
7806,3
7807,3
7820,3
7822,3
7825,3
7826,3
7828,3
7829,3
7831,3
7833,3
7836,3
7838,3
7846,3
7862,3
7870,3
7872,3
7873,3
7874,3
7875,3
7889,3
7899,3
7903,3
7911,3
7914,3
7918,3
7920,3
7922,3
7923,3
7924,3
7926,3
7927,3
7932,3
7933,3
7938,3
7939,3
7940,3
7941,3
7944,3
7945,3
7993,3
7995,3
7996,3
7997,3
8000,3
8005,3
8009,3
8013,3
8017,3
8024,3
8048,3
8091,3
8099,3
8115,3
8121,3
8122,3
8123,3
8125,3
8137,3
8145,3
8146,3
8150,3
8157,3
8162,3
8171,3
8172,3
8173,3
8174,3
8226,3
8236,3
8265,3
8268,3
8310,3
8322,3
8333,3
8350,3
8351,3
8353,3
8374,3
8392,3
8460,3
8476,3
8505,3
8572,3
8579,3
8591,3
8592,3
8607,3
8612,3
8629,3
8630,3
8631,3
8639,3
8640,3
8648,3
8653,3
8663,3
8666,3
8672,3
8673,3
8675,3
8681,3
8682,3
8684,3
8688,3
8689,3
8696,3
8697,3
8703,3
8714,3
8728,3
8739,3
8763,3
8770,3
8771,3
8772,3
8773,3
8774,3
8776,3
8799,3
8800,3
8807,3
8,4
2301,4
2937,4
3145,4
3961,4
8,5
8,6
9,6
33,6
66,6
73,6
95,6
96,6
99,6
116,6
118,6
123,6
137,6
142,6
156,6
178,6
192,6
229,6
234,6
284,6
285,6
286,6
293,6
305,6
328,6
341,6
348,6
349,6
358,6
367,6
390,6
403,6
515,6
516,6
520,6
524,6
528,6
539,6
541,6
573,6
577,6
584,6
586,6
590,6
599,6
605,6
607,6
610,6
611,6
682,6
725,6
753,6
755,6
759,6
781,6
790,6
817,6
822,6
875,6
892,6
915,6
933,6
934,6
935,6
946,6
948,6
951,6
963,6
998,6
1014,6
1015,6
1020,6
1034,6
1036,6
1050,6
1059,6
1098,6
1106,6
1112,6
1126,6
1130,6
1139,6
1145,6
1146,6
1148,6
1152,6
1154,6
1161,6
1162,6
1167,6
1176,6
1183,6
1191,6
1198,6
1204,6
1206,6
1207,6
1218,6
1229,6
1252,6
1281,6
1285,6
1288,6
1291,6
1302,6
1309,6
1313,6
1318,6
1358,6
1360,6
1371,6
1381,6
1391,6
1398,6
1420,6
1428,6
1459,6
1464,6
1468,6
1481,6
1507,6
1508,6
1509,6
1511,6
1513,6
1535,6
1542,6
1550,6
1552,6
1604,6
1614,6
1619,6
1620,6
1625,6
1629,6
1649,6
1651,6
1690,6
1699,6
1765,6
1776,6
1809,6
1813,6
1815,6
1828,6
1833,6
1836,6
1843,6
1848,6
1860,6
1883,6
1887,6
1917,6
1931,6
1960,6
1986,6
1992,6
1998,6
1999,6
2001,6
2007,6
2012,6
2014,6
2044,6
2054,6
2081,6
2086,6
2098,6
2121,6
2122,6
2132,6
2139,6
2150,6
2185,6
2214,6
2222,6
2224,6
2228,6
2296,6
2306,6
2315,6
2324,6
2344,6
2380,6
2382,6
2385,6
2456,6
2477,6
2497,6
2515,6
2531,6
2554,6
2563,6
2586,6
2597,6
2610,6
2629,6
2633,6
2641,6
2657,6
2658,6
2678,6
2694,6
2707,6
2713,6
2737,6
2743,6
2745,6
2747,6
2794,6
2795,6
2806,6
2808,6
2828,6
2853,6
2861,6
2867,6
2902,6
2912,6
2965,6
2980,6
2984,6
3009,6
3019,6
3022,6
3035,6
3039,6
3046,6
3055,6
3117,6
3122,6
3126,6
3158,6
3159,6
3170,6
3180,6
3198,6
3209,6
3262,6
3265,6
3274,6
3295,6
3296,6
3307,6
3311,6
3333,6
3348,6
3367,6
3375,6
3390,6
3401,6
3402,6
3409,6
3422,6
3448,6
3450,6
3453,6
3479,6
3512,6
3529,6
3530,6
3544,6
3547,6
3552,6
3559,6
3574,6
3575,6
3630,6
3704,6
3710,6
3775,6
3818,6
3821,6
3822,6
3858,6
3865,6
3872,6
3906,6
3909,6
3937,6
3939,6
3962,6
3970,6
4003,6
4015,6
4017,6
4063,6
4090,6
4096,6
4130,6
4134,6
4167,6
4176,6
4184,6
4203,6
4207,6
4218,6
4230,6
4232,6
4233,6
4236,6
4247,6
4248,6
4263,6
4265,6
4295,6
4297,6
4320,6
4368,6
4405,6
4432,6
4476,6
4493,6
4502,6
4509,6
4511,6
4520,6
4533,6
4538,6
4543,6
4545,6
4546,6
4548,6
4549,6
4550,6
4551,6
4552,6
4553,6
4554,6
4555,6
4556,6
4609,6
4617,6
4627,6
4660,6
4662,6
4690,6
4706,6
4759,6
4761,6
4778,6
4807,6
4808,6
4810,6
4821,6
4869,6
4876,6
4928,6
4933,6
4942,6
4952,6
4958,6
4959,6
4964,6
4968,6
4969,6
4974,6
4990,6
4993,6
5024,6
5029,6
5031,6
5033,6
5043,6
5058,6
5075,6
5091,6
5098,6
5112,6
5118,6
5150,6
5151,6
5205,6
5207,6
5226,6
5244,6
5252,6
5258,6
5313,6
5324,6
5345,6
5364,6
5366,6
5367,6
5398,6
5414,6
5432,6
5445,6
5449,6
5451,6
5452,6
5456,6
5467,6
5468,6
5491,6
5504,6
5554,6
5556,6
5559,6
5571,6
5574,6
5584,6
5608,6
5611,6
5626,6
5642,6
5663,6
5667,6
5675,6
5681,6
5717,6
5724,6
5727,6
5739,6
5753,6
5796,6
5799,6
5802,6
5803,6
5805,6
5807,6
5813,6
5815,6
5822,6
5823,6
5824,6
5827,6
5834,6
5849,6
5860,6
5861,6
5894,6
5909,6
5936,6
5940,6
5954,6
5968,6
5985,6
5999,6
6006,6
6022,6
6031,6
6032,6
6052,6
6058,6
6067,6
6082,6
6086,6
6095,6
6100,6
6101,6
6106,6
6117,6
6122,6
6123,6
6127,6
6130,6
6145,6
6150,6
6187,6
6196,6
6198,6
6211,6
6214,6
6254,6
6261,6
6271,6
6279,6
6305,6
6310,6
6312,6
6323,6
6342,6
6352,6
6353,6
6362,6
6364,6
6365,6
6394,6
6399,6
6403,6
6416,6
6423,6
6428,6
6447,6
6460,6
6461,6
6474,6
6488,6
6490,6
6491,6
6493,6
6499,6
6501,6
6517,6
6519,6
6524,6
6550,6
6561,6
6566,6
6567,6
6571,6
6577,6
6586,6
6598,6
6607,6
6608,6
6610,6
6620,6
6624,6
6631,6
6632,6
6635,6
6657,6
6660,6
6671,6
6682,6
6687,6
6696,6
6712,6
6715,6
6717,6
6725,6
6733,6
6743,6
6749,6
6760,6
6761,6
6773,6
6780,6
6784,6
6786,6
6788,6
6789,6
6793,6
6809,6
6811,6
6812,6
6813,6
6818,6
6835,6
6836,6
6841,6
6855,6
6864,6
6867,6
6879,6
6880,6
6884,6
6885,6
6890,6
6895,6
6896,6
6903,6
6910,6
6919,6
6923,6
6925,6
6931,6
6956,6
6972,6
6973,6
6979,6
6999,6
7001,6
7005,6
7013,6
7017,6
7026,6
7029,6
7037,6
7043,6
7048,6
7062,6
7066,6
7070,6
7077,6
7079,6
7081,6
7084,6
7099,6
7101,6
7135,6
7141,6
7157,6
7167,6
7196,6
7200,6
7207,6
7216,6
7221,6
7222,6
7224,6
7245,6
7267,6
7271,6
7280,6
7302,6
7308,6
7327,6
7328,6
7333,6
7334,6
7342,6
7354,6
7355,6
7392,6
7399,6
7400,6
7403,6
7418,6
7419,6
7435,6
7436,6
7452,6
7466,6
7472,6
7473,6
7486,6
7489,6
7505,6
7506,6
7507,6
7539,6
7546,6
7548,6
7550,6
7569,6
7572,6
7573,6
7574,6
7575,6
7598,6
7623,6
7630,6
7631,6
7632,6
7634,6
7659,6
7672,6
7675,6
7684,6
7687,6
7688,6
7700,6
7725,6
7726,6
7748,6
7749,6
7752,6
7759,6
7805,6
7810,6
7847,6
7851,6
7856,6
7858,6
7865,6
7866,6
7871,6
7878,6
7890,6
7892,6
7950,6
7961,6
7966,6
7970,6
7974,6
7976,6
7978,6
7979,6
7980,6
7982,6
7989,6
8003,6
8004,6
8012,6
8042,6
8054,6
8057,6
8062,6
8067,6
8070,6
8082,6
8085,6
8097,6
8102,6
8104,6
8117,6
8120,6
8130,6
8139,6
8149,6
8167,6
8168,6
8172,6
8185,6
8199,6
8202,6
8209,6
8210,6
8215,6
8217,6
8223,6
8226,6
8229,6
8248,6
8251,6
8262,6
8264,6
8267,6
8269,6
8287,6
8292,6
8294,6
8295,6
8300,6
8303,6
8310,6
8311,6
8316,6
8327,6
8328,6
8332,6
8335,6
8354,6
8355,6
8357,6
8358,6
8364,6
8365,6
8367,6
8370,6
8378,6
8388,6
8399,6
8404,6
8407,6
8408,6
8411,6
8412,6
8421,6
8432,6
8447,6
8448,6
8453,6
8458,6
8465,6
8477,6
8484,6
8488,6
8492,6
8495,6
8497,6
8517,6
8522,6
8526,6
8531,6
8537,6
8539,6
8540,6
8554,6
8559,6
8562,6
8565,6
8566,6
8583,6
8584,6
8600,6
8602,6
8604,6
8605,6
8615,6
8617,6
8618,6
8620,6
8628,6
8633,6
8639,6
8641,6
8647,6
8649,6
8655,6
8659,6
8662,6
8669,6
8675,6
8677,6
8686,6
8693,6
8698,6
8704,6
8713,6
8724,6
8728,6
8729,6
8730,6
8733,6
8734,6
8738,6
8741,6
8742,6
8745,6
8759,6
8787,6
8,7
13,7
130,7
143,7
173,7
352,7
386,7
390,7
458,7
479,7
541,7
560,7
566,7
567,7
595,7
596,7
605,7
609,7
611,7
666,7
706,7
803,7
817,7
916,7
1000,7
1032,7
1034,7
1124,7
1139,7
1161,7
1199,7
1227,7
1253,7
1257,7
1268,7
1295,7
1468,7
1507,7
1593,7
1608,7
1641,7
1743,7
1765,7
1800,7
1821,7
1916,7
1952,7
1989,7
1992,7
1998,7
2012,7
2056,7
2057,7
2071,7
2151,7
2154,7
2186,7
2192,7
2211,7
2312,7
2328,7
2397,7
2456,7
2512,7
2554,7
2672,7
2674,7
2745,7
2777,7
2778,7
2784,7
2844,7
2856,7
2896,7
2915,7
3003,7
3009,7
3013,7
3067,7
3068,7
3126,7
3135,7
3253,7
3260,7
3353,7
3375,7
3473,7
3503,7
3673,7
3677,7
3736,7
3768,7
3773,7
3931,7
4171,7
4274,7
4293,7
4317,7
4356,7
4401,7
4403,7
4670,7
4677,7
4844,7
4872,7
4876,7
4916,7
4925,7
4948,7
4964,7
4972,7
4998,7
5012,7
5029,7
5056,7
5107,7
5119,7
5144,7
5190,7
5223,7
5224,7
5249,7
5307,7
5347,7
5488,7
5517,7
5527,7
5528,7
5529,7
5601,7
5606,7
5633,7
5635,7
5636,7
5665,7
5677,7
5687,7
5718,7
5739,7
5903,7
5993,7
6082,7
6123,7
6124,7
6166,7
6171,7
6260,7
6287,7
6306,7
6344,7
6388,7
6428,7
6433,7
6443,7
6489,7
6502,7
6503,7
6511,7
6517,7
6541,7
6558,7
6559,7
6600,7
6635,7
6649,7
6650,7
6737,7
6756,7
6791,7
6794,7
6806,7
6811,7
6812,7
6813,7
6872,7
6889,7
6929,7
7012,7
7028,7
7058,7
7078,7
7079,7
7094,7
7153,7
7157,7
7224,7
7337,7
7355,7
7442,7
7489,7
7504,7
7511,7
7519,7
7624,7
7631,7
7632,7
7685,7
7731,7
7755,7
7854,7
7858,7
7892,7
7902,7
8004,7
8147,7
8164,7
8167,7
8168,7
8235,7
8255,7
8374,7
8383,7
8397,7
8404,7
8407,7
8412,7
8414,7
8441,7
8454,7
8474,7
8499,7
8597,7
8618,7
8662,7
8669,7
8730,7
8,8
13,9
556,9
881,9
1036,9
1833,9
1916,9
4477,9
4531,9
4674,9
5084,9
5487,9
5634,9
6428,9
6526,9
6635,9
7012,9
7731,9
8054,9
8229,9
8455,9
8466,9
8605,9
18,10
135,10
283,10
312,10
333,10
626,10
751,10
767,10
870,10
895,10
921,10
1003,10
1013,10
1028,10
1147,10
1320,10
1322,10
1352,10
1393,10
1441,10
1461,10
1550,10
1784,10
1841,10
1858,10
1902,10
1914,10
1926,10
2008,10
2105,10
2236,10
2318,10
2401,10
2416,10
2468,10
2499,10
2537,10
2600,10
2649,10
2670,10
2790,10
2873,10
2922,10
2930,10
2972,10
2997,10
3047,10
3069,10
3105,10
3119,10
3213,10
3233,10
3254,10
3280,10
3288,10
3350,10
3354,10
3366,10
3445,10
3460,10
3489,10
3491,10
3597,10
3626,10
3707,10
3712,10
3755,10
3762,10
3804,10
3808,10
3809,10
3861,10
3887,10
3907,10
3945,10
3964,10
3981,10
4168,10
4182,10
4237,10
4307,10
4332,10
4355,10
4362,10
4381,10
4491,10
4639,10
4677,10
4698,10
4739,10
4750,10
4751,10
4776,10
4800,10
4811,10
4836,10
4853,10
4867,10
4881,10
4940,10
4963,10
5053,10
5062,10
5117,10
5143,10
5177,10
5225,10
5250,10
5306,10
5331,10
5343,10
5496,10
5535,10
5592,10
5615,10
5624,10
5653,10
5657,10
5679,10
5707,10
5712,10
5840,10
5873,10
5910,10
5955,10
6084,10
6206,10
6234,10
6409,10
6426,10
6560,10
6627,10
6675,10
6707,10
6779,10
6799,10
6922,10
7015,10
7040,10
7085,10
7144,10
7241,10
7257,10
7258,10
7259,10
7268,10
7306,10
7326,10
7330,10
7430,10
7464,10
7554,10
7841,10
7854,10
7867,10
7898,10
7900,10
7990,10
8022,10
8051,10
8166,10
8178,10
8246,10
8247,10
8359,10
8414,10
8509,10
8700,10
8769,10
22,11
704,11
907,11
973,11
977,11
978,11
979,11
980,11
981,11
982,11
983,11
985,11
986,11
987,11
990,11
991,11
996,11
1163,11
1209,11
1212,11
1213,11
1216,11
1217,11
1220,11
1374,11
1432,11
1595,11
1709,11
1871,11
1889,11
1892,11
1900,11
2025,11
2040,11
2180,11
2255,11
2310,11
2313,11
2361,11
2428,11
2429,11
2606,11
2613,11
2614,11
2616,11
2617,11
2618,11
2619,11
2621,11
2622,11
2644,11
2668,11
2682,11
2824,11
3284,11
3372,11
3403,11
3424,11
3428,11
3449,11
3452,11
3483,11
3508,11
3521,11
3534,11
3570,11
3890,11
3923,11
3924,11
4033,11
4175,11
4277,11
5224,11
5325,11
5389,11
5396,11
5543,11
5582,11
5594,11
5977,11
5979,11
6071,11
6088,11
6205,11
6225,11
6277,11
6286,11
6324,11
6530,11
6548,11
6726,11
6727,11
6728,11
6729,11
6751,11
6874,11
6905,11
6906,11
6909,11
6983,11
7063,11
7158,11
7246,11
7247,11
7296,11
7386,11
7716,11
7916,11
7981,11
8683,11
8721,11
8750,11
8797,11
26,12
109,12
116,12
121,12
123,12
138,12
268,12
286,12
394,12
507,12
537,12
540,12
558,12
566,12
577,12
683,12
861,12
943,12
998,12
1005,12
1239,12
1360,12
1379,12
1507,12
1622,12
1640,12
1717,12
1731,12
1774,12
1798,12
1896,12
1934,12
2043,12
2071,12
2227,12
2228,12
2243,12
2259,12
2329,12
2467,12
2469,12
2530,12
2591,12
2820,12
3040,12
3110,12
3195,12
3346,12
3348,12
3416,12
3492,12
3634,12
3645,12
3688,12
3706,12
3708,12
3765,12
3899,12
4044,12
4310,12
4322,12
4340,12
4489,12
4505,12
4614,12
4671,12
4703,12
4746,12
4747,12
4748,12
4754,12
4771,12
4790,12
4824,12
4835,12
4942,12
5082,12
5113,12
5133,12
5161,12
5275,12
5318,12
5360,12
5390,12
5495,12
5509,12
5559,12
5568,12
5845,12
5846,12
5903,12
6092,12
6199,12
6211,12
6234,12
6257,12
6334,12
6358,12
6376,12
6423,12
6434,12
6456,12
6493,12
6539,12
6557,12
6558,12
6588,12
6627,12
6690,12
6838,12
6848,12
6870,12
6941,12
6948,12
6969,12
6977,12
6984,12
7152,12
7221,12
7283,12
7313,12
7314,12
7315,12
7342,12
7368,12
7437,12
7515,12
7588,12
7637,12
7669,12
7682,12
7694,12
7733,12
7844,12
7902,12
7935,12
7938,12
7950,12
7994,12
8004,12
8007,12
8008,12
8057,12
8097,12
8104,12
8183,12
8244,12
8270,12
8272,12
8334,12
8378,12
8384,12
8411,12
8494,12
8498,12
8553,12
8554,12
8584,12
8651,12
8749,12
30,13
92,13
100,13
116,13
123,13
136,13
189,13
268,13
274,13
300,13
357,13
358,13
390,13
497,13
509,13
513,13
554,13
579,13
607,13
610,13
635,13
662,13
735,13
751,13
803,13
817,13
840,13
896,13
916,13
933,13
947,13
948,13
956,13
1014,13
1015,13
1049,13
1111,13
1112,13
1139,13
1146,13
1154,13
1161,13
1176,13
1224,13
1229,13
1237,13
1259,13
1330,13
1337,13
1363,13
1366,13
1388,13
1422,13
1429,13
1435,13
1439,13
1468,13
1489,13
1507,13
1550,13
1556,13
1587,13
1600,13
1609,13
1625,13
1720,13
1729,13
1761,13
1765,13
1766,13
1781,13
1821,13
1823,13
1826,13
1827,13
1828,13
1830,13
1832,13
1840,13
1875,13
1985,13
1992,13
1998,13
2002,13
2004,13
2009,13
2032,13
2070,13
2071,13
2080,13
2138,13
2140,13
2164,13
2198,13
2226,13
2234,13
2244,13
2261,13
2297,13
2317,13
2319,13
2355,13
2359,13
2362,13
2364,13
2367,13
2396,13
2461,13
2523,13
2547,13
2554,13
2579,13
2586,13
2635,13
2669,13
2676,13
2695,13
2713,13
2798,13
2835,13
2844,13
2861,13
2866,13
2904,13
2912,13
2963,13
2973,13
2982,13
3009,13
3017,13
3019,13
3024,13
3029,13
3041,13
3096,13
3102,13
3120,13
3203,13
3208,13
3211,13
3223,13
3238,13
3256,13
3262,13
3286,13
3298,13
3329,13
3378,13
3392,13
3426,13
3434,13
3435,13
3522,13
3535,13
3543,13
3640,13
3671,13
3676,13
3695,13
3696,13
3731,13
3747,13
3767,13
3834,13
3905,13
3914,13
3965,13
3971,13
4004,13
4035,13
4054,13
4060,13
4067,13
4068,13
4088,13
4268,13
4293,13
4356,13
4361,13
4384,13
4401,13
4410,13
4419,13
4468,13
4513,13
4666,13
4672,13
4706,13
4741,13
4744,13
4749,13
4785,13
4818,13
4837,13
4842,13
4858,13
4877,13
4899,13
4906,13
4926,13
4930,13
4943,13
4945,13
4948,13
5028,13
5100,13
5104,13
5105,13
5144,13
5145,13
5213,13
5220,13
5224,13
5244,13
5261,13
5309,13
5314,13
5324,13
5342,13
5345,13
5362,13
5365,13
5388,13
5456,13
5475,13
5492,13
5499,13
5502,13
5503,13
5532,13
5625,13
5629,13
5637,13
5650,13
5660,13
5677,13
5687,13
5692,13
5715,13
5721,13
5740,13
5741,13
5743,13
5747,13
5751,13
5753,13
5771,13
5830,13
5852,13
5878,13
5903,13
5915,13
5954,13
5955,13
6014,13
6057,13
6058,13
6082,13
6091,13
6092,13
6123,13
6182,13
6195,13
6206,13
6249,13
6302,13
6312,13
6335,13
6337,13
6339,13
6343,13
6388,13
6397,13
6417,13
6418,13
6455,13
6475,13
6489,13
6503,13
6517,13
6526,13
6543,13
6567,13
6609,13
6624,13
6628,13
6629,13
6630,13
6641,13
6684,13
6692,13
6699,13
6714,13
6757,13
6799,13
6809,13
6820,13
6839,13
6879,13
6887,13
6980,13
7048,13
7056,13
7059,13
7094,13
7099,13
7111,13
7128,13
7165,13
7201,13
7212,13
7272,13
7273,13
7274,13
7294,13
7329,13
7332,13
7365,13
7378,13
7379,13
7392,13
7458,13
7466,13
7509,13
7526,13
7540,13
7578,13
7631,13
7632,13
7636,13
7650,13
7668,13
7731,13
7735,13
7747,13
7751,13
7755,13
7758,13
7765,13
7767,13
7768,13
7784,13
7785,13
7786,13
7830,13
7858,13
7915,13
7935,13
7936,13
7955,13
7982,13
7989,13
8015,13
8019,13
8035,13
8054,13
8073,13
8097,13
8103,13
8113,13
8117,13
8121,13
8148,13
8151,13
8164,13
8169,13
8195,13
8198,13
8219,13
8247,13
8255,13
8357,13
8370,13
8371,13
8374,13
8385,13
8396,13
8399,13
8404,13
8424,13
8483,13
8502,13
8547,13
8564,13
8652,13
8704,13
8716,13
8747,13
8777,13
8795,13
8798,13
38,14
666,14
1507,14
2547,14
3260,14
3964,14
6600,14
7966,14
8191,14
8404,14
8747,14
39,15
152,15
163,15
353,15
574,15
575,15
628,15
740,15
906,15
945,15
1050,15
1067,15
1081,15
1085,15
1098,15
1104,15
1152,15
1185,15
1335,15
1346,15
1627,15
1668,15
1763,15
1802,15
1998,15
2007,15
2012,15
2122,15
2206,15
2208,15
2221,15
2263,15
2470,15
2558,15
2563,15
2749,15
2785,15
3016,15
3085,15
3088,15
3185,15
3237,15
3292,15
3303,15
3368,15
3369,15
3382,15
3388,15
3415,15
3488,15
3523,15
3547,15
3566,15
3586,15
3650,15
3651,15
3661,15
3671,15
3683,15
3718,15
3743,15
3792,15
3832,15
3835,15
3840,15
3859,15
3955,15
4149,15
4289,15
4330,15
4334,15
4339,15
4342,15
4343,15
4350,15
4380,15
4471,15
4484,15
4488,15
4500,15
4619,15
4644,15
4657,15
4688,15
4716,15
4761,15
4773,15
4790,15
4823,15
4882,15
4928,15
5027,15
5125,15
5191,15
5233,15
5312,15
5342,15
5383,15
5384,15
5385,15
5387,15
5438,15
5509,15
5671,15
5842,15
5865,15
5874,15
5875,15
5903,15
5991,15
6004,15
6028,15
6381,15
6433,15
6453,15
6471,15
6544,15
6572,15
6606,15
6641,15
6647,15
6718,15
6861,15
6926,15
6953,15
6963,15
6968,15
7041,15
7042,15
7053,15
7212,15
7240,15
7243,15
7284,15
7291,15
7360,15
7391,15
7411,15
7480,15
7597,15
7653,15
7673,15
7677,15
7686,15
7824,15
8033,15
8034,15
8126,15
8142,15
8222,15
8233,15
8308,15
8310,15
8396,15
8561,15
8577,15
8585,15
8589,15
8590,15
8617,15
8703,15
8720,15
39,16
128,16
142,16
158,16
168,16
192,16
301,16
330,16
331,16
338,16
346,16
387,16
392,16
443,16
461,16
470,16
487,16
497,16
511,16
522,16
526,16
536,16
545,16
609,16
612,16
637,16
678,16
697,16
702,16
740,16
744,16
783,16
785,16
805,16
814,16
869,16
886,16
935,16
955,16
1002,16
1014,16
1028,16
1066,16
1102,16
1105,16
1119,16
1120,16
1280,16
1285,16
1355,16
1363,16
1384,16
1409,16
1425,16
1435,16
1436,16
1448,16
1464,16
1486,16
1491,16
1525,16
1535,16
1545,16
1552,16
1564,16
1589,16
1623,16
1627,16
1652,16
1692,16
1696,16
1697,16
1715,16
1720,16
1725,16
1729,16
1735,16
1739,16
1740,16
1747,16
1748,16
1754,16
1759,16
1760,16
1811,16
1813,16
1816,16
1832,16
1872,16
1879,16
1884,16
1888,16
2004,16
2080,16
2082,16
2107,16
2122,16
2130,16
2150,16
2161,16
2175,16
2178,16
2179,16
2184,16
2191,16
2308,16
2311,16
2312,16
2317,16
2378,16
2396,16
2424,16
2441,16
2481,16
2494,16
2543,16
2553,16
2555,16
2563,16
2589,16
2601,16
2657,16
2691,16
2713,16
2756,16
2759,16
2769,16
2770,16
2771,16
2829,16
2848,16
2867,16
2891,16
2934,16
2942,16
2962,16
3012,16
3048,16
3054,16
3067,16
3085,16
3159,16
3209,16
3227,16
3247,16
3296,16
3318,16
3321,16
3324,16
3346,16
3351,16
3392,16
3425,16
3450,16
3451,16
3485,16
3509,16
3554,16
3585,16
3635,16
3645,16
3767,16
3788,16
3862,16
3931,16
3943,16
3971,16
3989,16
4058,16
4059,16
4094,16
4115,16
4146,16
4293,16
4311,16
4353,16
4360,16
4366,16
4374,16
4385,16
4391,16
4429,16
4493,16
4504,16
4520,16
4558,16
4591,16
4623,16
4635,16
4657,16
4687,16
4765,16
4814,16
4820,16
4858,16
4874,16
4876,16
4880,16
4892,16
4922,16
4928,16
4965,16
4966,16
4967,16
5004,16
5005,16
5016,16
5017,16
5018,16
5019,16
5020,16
5043,16
5074,16
5103,16
5116,16
5119,16
5161,16
5165,16
5173,16
5186,16
5200,16
5206,16
5238,16
5242,16
5264,16
5265,16
5270,16
5342,16
5382,16
5393,16
5413,16
5423,16
5441,16
5457,16
5492,16
5505,16
5507,16
5513,16
5520,16
5573,16
5603,16
5622,16
5645,16
5678,16
5693,16
5694,16
5737,16
5738,16
5739,16
5742,16
5774,16
5793,16
5833,16
5849,16
5856,16
5859,16
5881,16
5924,16
5934,16
5973,16
5974,16
6011,16
6035,16
6055,16
6069,16
6085,16
6089,16
6094,16
6124,16
6142,16
6143,16
6148,16
6181,16
6182,16
6193,16
6194,16
6195,16
6200,16
6209,16
6211,16
6216,16
6241,16
6242,16
6263,16
6265,16
6281,16
6316,16
6319,16
6346,16
6349,16
6366,16
6383,16
6384,16
6385,16
6412,16
6435,16
6452,16
6475,16
6479,16
6519,16
6524,16
6535,16
6538,16
6583,16
6601,16
6614,16
6618,16
6671,16
6692,16
6699,16
6701,16
6755,16
6760,16
6768,16
6811,16
6812,16
6813,16
6815,16
6839,16
6855,16
6883,16
6887,16
6901,16
6910,16
6929,16
6932,16
6942,16
6952,16
6954,16
6956,16
6970,16
6998,16
7010,16
7011,16
7017,16
7027,16
7052,16
7086,16
7088,16
7093,16
7099,16
7112,16
7153,16
7157,16
7165,16
7209,16
7282,16
7298,16
7303,16
7335,16
7343,16
7404,16
7431,16
7433,16
7445,16
7461,16
7462,16
7480,16
7487,16
7503,16
7522,16
7532,16
7537,16
7542,16
7543,16
7590,16
7623,16
7647,16
7685,16
7704,16
7706,16
7728,16
7754,16
7800,16
7804,16
7842,16
7854,16
7856,16
7857,16
7858,16
7889,16
7890,16
7891,16
7917,16
7937,16
7961,16
7983,16
8019,16
8030,16
8057,16
8081,16
8082,16
8094,16
8101,16
8103,16
8117,16
8140,16
8179,16
8182,16
8196,16
8197,16
8198,16
8213,16
8222,16
8226,16
8237,16
8254,16
8272,16
8283,16
8340,16
8341,16
8343,16
8352,16
8357,16
8379,16
8394,16
8396,16
8412,16
8427,16
8439,16
8463,16
8472,16
8478,16
8499,16
8524,16
8540,16
8559,16
8567,16
8571,16
8582,16
8584,16
8601,16
8602,16
8621,16
8639,16
8650,16
8655,16
8660,16
8663,16
8695,16
8730,16
8739,16
8754,16
8766,16
8796,16
47,17
52,17
53,17
54,17
55,17
57,17
58,17
59,17
60,17
61,17
62,17
63,17
64,17
77,17
136,17
155,17
220,17
266,17
280,17
292,17
339,17
454,17
494,17
518,17
525,17
538,17
579,17
632,17
643,17
676,17
768,17
779,17
804,17
844,17
997,17
1041,17
1042,17
1045,17
1051,17
1052,17
1076,17
1092,17
1121,17
1132,17
1135,17
1150,17
1170,17
1177,17
1180,17
1187,17
1258,17
1274,17
1386,17
1507,17
1539,17
1540,17
1563,17
1650,17
1686,17
1694,17
1725,17
1744,17
1909,17
1919,17
1929,17
1964,17
1965,17
1966,17
1967,17
1968,17
1970,17
2063,17
2066,17
2067,17
2068,17
2079,17
2090,17
2137,17
2146,17
2176,17
2181,17
2212,17
2254,17
2298,17
2321,17
2365,17
2399,17
2400,17
2427,17
2445,17
2450,17
2451,17
2452,17
2463,17
2479,17
2526,17
2563,17
2587,17
2599,17
2603,17
2633,17
2646,17
2659,17
2678,17
2699,17
2714,17
2715,17
2741,17
2789,17
2800,17
2804,17
2855,17
2876,17
2877,17
2920,17
2946,17
2959,17
2963,17
2966,17
2967,17
2971,17
2978,17
2999,17
3009,17
3017,17
3020,17
3021,17
3056,17
3070,17
3080,17
3089,17
3090,17
3099,17
3102,17
3104,17
3126,17
3138,17
3171,17
3174,17
3220,17
3240,17
3265,17
3272,17
3273,17
3281,17
3302,17
3320,17
3334,17
3337,17
3340,17
3341,17
3342,17
3343,17
3356,17
3433,17
3438,17
3481,17
3520,17
3542,17
3589,17
3624,17
3664,17
3665,17
3666,17
3667,17
3697,17
3713,17
3717,17
3721,17
3724,17
3725,17
3729,17
3737,17
3738,17
3742,17
3774,17
3785,17
3827,17
3871,17
3880,17
3902,17
3959,17
3972,17
3990,17
3999,17
4049,17
4064,17
4132,17
4145,17
4209,17
4224,17
4244,17
4271,17
4275,17
4279,17
4280,17
4295,17
4313,17
4357,17
4470,17
4532,17
4629,17
4634,17
4677,17
4716,17
4742,17
4743,17
4745,17
4753,17
4764,17
4770,17
4817,17
4839,17
4854,17
4862,17
4863,17
4874,17
4880,17
4983,17
4989,17
4992,17
5034,17
5039,17
5071,17
5078,17
5093,17
5096,17
5097,17
5099,17
5137,17
5142,17
5155,17
5170,17
5174,17
5175,17
5179,17
5232,17
5237,17
5263,17
5293,17
5294,17
5298,17
5299,17
5328,17
5415,17
5423,17
5477,17
5564,17
5570,17
5571,17
5610,17
5655,17
5660,17
5673,17
5678,17
5748,17
5749,17
5750,17
5752,17
5754,17
5808,17
5835,17
5844,17
5854,17
5857,17
5864,17
5883,17
6178,17
6234,17
6274,17
6292,17
6302,17
6393,17
6427,17
6641,17
6732,17
6828,17
6831,17
6847,17
6849,17
6851,17
6866,17
6879,17
6902,17
6911,17
7036,17
7089,17
7090,17
7091,17
7121,17
7156,17
7198,17
7218,17
7377,17
7417,17
7465,17
7560,17
7589,17
7628,17
7765,17
7767,17
7768,17
7771,17
7784,17
7785,17
7786,17
7830,17
7879,17
7907,17
7961,17
8262,17
8278,17
8478,17
8502,17
8602,17
8644,17
8782,17
8796,17
50,18
74,18
85,18
199,18
282,18
299,18
307,18
316,18
375,18
430,18
503,18
555,18
614,18
652,18
689,18
748,18
757,18
795,18
995,18
1002,18
1087,18
1108,18
1156,18
1186,18
1195,18
1234,18
1312,18
1380,18
1655,18
1726,18
1777,18
1897,18
2006,18
2049,18
2103,18
2117,18
2131,18
2149,18
2196,18
2210,18
2232,18
2235,18
2240,18
2324,18
2326,18
2333,18
2349,18
2352,18
2382,18
2388,18
2422,18
2478,18
2494,18
2514,18
2538,18
2608,18
2655,18
2688,18
2689,18
2840,18
2879,18
2880,18
2882,18
2883,18
2886,18
2907,18
2919,18
2939,18
2974,18
2993,18
3111,18
3113,18
3115,18
3131,18
3141,18
3152,18
3154,18
3167,18
3172,18
3179,18
3180,18
3210,18
3215,18
3216,18
3218,18
3393,18
3408,18
3412,18
3432,18
4215,18
5531,18
5964,18
6468,18
6748,18
6898,18
7449,18
7479,18
7739,18
7876,18
8228,18
8242,18
8298,18
8557,18
91,19
110,19
277,19
306,19
348,19
358,19
402,19
497,19
605,19
665,19
670,19
685,19
766,19
858,19
900,19
933,19
972,19
984,19
1076,19
1164,19
1165,19
1221,19
1235,19
1261,19
1316,19
1323,19
1339,19
1348,19
1369,19
1387,19
1398,19
1433,19
1560,19
1615,19
1638,19
1707,19
1729,19
1768,19
1784,19
1804,19
1841,19
1992,19
1997,19
2013,19
2034,19
2076,19
2089,19
2152,19
2208,19
2211,19
2213,19
2294,19
2309,19
2317,19
2364,19
2386,19
2416,19
2522,19
2531,19
2656,19
2674,19
2712,19
2782,19
2838,19
2847,19
2872,19
2956,19
2977,19
3003,19
3024,19
3045,19
3063,19
3068,19
3069,19
3177,19
3213,19
3235,19
3274,19
3327,19
3352,19
3374,19
3379,19
3406,19
3435,19
3504,19
3507,19
3555,19
3576,19
3587,19
3588,19
3638,19
3653,19
3669,19
3679,19
3698,19
3709,19
3744,19
3762,19
3764,19
3810,19
3811,19
3812,19
3837,19
3863,19
3922,19
3978,19
3983,19
4007,19
4067,19
4068,19
4083,19
4114,19
4117,19
4125,19
4156,19
4166,19
4169,19
4170,19
4205,19
4207,19
4253,19
4260,19
4303,19
4367,19
4371,19
4397,19
4468,19
4474,19
4513,19
4626,19
4673,19
4676,19
4698,19
4709,19
4717,19
4755,19
4758,19
4767,19
4769,19
4784,19
4806,19
4830,19
4848,19
4883,19
4890,19
4894,19
4903,19
4910,19
4937,19
4964,19
5014,19
5026,19
5059,19
5076,19
5095,19
5154,19
5188,19
5230,19
5239,19
5266,19
5279,19
5311,19
5314,19
5347,19
5374,19
5375,19
5403,19
5412,19
5444,19
5464,19
5508,19
5515,19
5533,19
5540,19
5551,19
5553,19
5578,19
5596,19
5598,19
5605,19
5606,19
5620,19
5621,19
5736,19
5744,19
5773,19
5955,19
5983,19
6111,19
6118,19
6161,19
6200,19
6232,19
6320,19
6325,19
6329,19
6339,19
6672,19
6678,19
6699,19
6714,19
6776,19
6792,19
6811,19
6812,19
6813,19
6887,19
6891,19
7028,19
7106,19
7325,19
7445,19
7448,19
7483,19
7530,19
7578,19
7636,19
7642,19
7701,19
7727,19
7970,19
8078,19
8178,19
8195,19
8246,19
8340,19
8344,19
8412,19
8425,19
8484,19
8706,19
8785,19
93,20
284,20
513,20
544,20
573,20
879,20
1197,20
1259,20
1348,20
1550,20
1600,20
1797,20
1811,20
1823,20
1830,20
1998,20
2004,20
2080,20
2234,20
2252,20
2297,20
2364,20
2579,20
2635,20
2669,20
2713,20
2912,20
2982,20
3051,20
3126,20
3208,20
3260,20
3349,20
3392,20
3640,20
3745,20
3747,20
3858,20
4004,20
4006,20
4054,20
4120,20
4166,20
4213,20
4268,20
4384,20
4410,20
4660,20
4666,20
4749,20
4972,20
4986,20
5324,20
5345,20
5502,20
5503,20
5532,20
5650,20
5741,20
5852,20
6182,20
6339,20
6397,20
6609,20
6624,20
6650,20
6671,20
7007,20
7048,20
7111,20
7196,20
7212,20
7378,20
7509,20
7631,20
7632,20
7731,20
7735,20
7751,20
8105,20
8117,20
8255,20
8383,20
8484,20
8497,20
8547,20
8578,20
8677,20
8777,20
105,21
125,21
290,21
457,21
546,21
556,21
557,21
687,21
732,21
763,21
885,21
903,21
1033,21
1063,21
1065,21
1086,21
1149,21
1174,21
1175,21
1211,21
1286,21
1297,21
1299,21
1343,21
1385,21
1408,21
1413,21
1469,21
1484,21
1504,21
1529,21
1584,21
1626,21
1635,21
1644,21
1662,21
1712,21
1767,21
1770,21
1835,21
1871,21
1876,21
1878,21
1908,21
1956,21
2037,21
2038,21
2109,21
2123,21
2208,21
2216,21
2256,21
2338,21
2350,21
2378,21
2409,21
2411,21
2448,21
2453,21
2454,21
2487,21
2518,21
2519,21
2529,21
2563,21
2607,21
2632,21
2651,21
2666,21
2762,21
2822,21
2889,21
2893,21
2960,21
2963,21
3052,21
3053,21
3059,21
3060,21
3064,21
3072,21
3075,21
3077,21
3085,21
3086,21
3128,21
3130,21
3205,21
3271,21
3278,21
3289,21
3309,21
3320,21
3359,21
3361,21
3417,21
3420,21
3421,21
3427,21
3446,21
3462,21
3463,21
3471,21
3474,21
3475,21
3500,21
3511,21
3581,21
3607,21
3611,21
3612,21
3613,21
3614,21
3615,21
3641,21
3657,21
3674,21
3691,21
3781,21
3794,21
3853,21
3866,21
3929,21
3947,21
3957,21
4045,21
4092,21
4128,21
4133,21
4155,21
4193,21
4305,21
4327,21
4328,21
4408,21
4494,21
4536,21
4624,21
4646,21
4677,21
4700,21
4780,21
4849,21
4919,21
4988,21
4995,21
5023,21
5027,21
5032,21
5052,21
5066,21
5086,21
5120,21
5125,21
5158,21
5236,21
5350,21
5416,21
5434,21
5435,21
5436,21
5437,21
5439,21
5440,21
5447,21
5510,21
5511,21
5514,21
5538,21
5569,21
5581,21
5586,21
5593,21
5599,21
5602,21
5604,21
5609,21
5654,21
5660,21
5666,21
5668,21
5669,21
5670,21
5672,21
5674,21
5676,21
5987,21
5998,21
6045,21
6080,21
6191,21
6264,21
6393,21
6402,21
6414,21
6458,21
6647,21
6771,21
6966,21
7042,21
7102,21
7269,21
7271,21
7332,21
7349,21
7421,21
7441,21
7481,21
7597,21
7671,21
7676,21
7832,21
7969,21
7970,21
8095,21
8108,21
8118,21
8126,21
8187,21
8258,21
8331,21
8380,21
8419,21
8464,21
8468,21
8485,21
8576,21
8614,21
8685,21
8798,21
112,22
509,22
738,22
1576,22
1620,22
1760,22
3052,22
3246,22
3385,22
3610,22
3639,22
4158,22
4278,22
4281,22
4282,22
4283,22
4928,22
5061,22
5196,22
5247,22
5248,22
5348,22
5363,22
5391,22
5400,22
5404,22
5405,22
5406,22
5407,22
5408,22
5410,22
5411,22
5458,22
5466,22
5499,22
5991,22
6215,22
6387,22
6502,22
7830,22
8194,22
136,23
137,23
167,23
270,23
271,23
325,23
464,23
607,23
610,23
712,23
773,23
841,23
1004,23
1059,23
1168,23
1345,23
1480,23
1572,23
1611,23
1615,23
1643,23
1706,23
1783,23
1823,23
1899,23
1990,23
2078,23
2241,23
2305,23
2320,23
2323,23
2405,23
2551,23
2586,23
2618,23
2694,23
2697,23
2797,23
2975,23
3067,23
3095,23
3117,23
3349,23
3677,23
3816,23
3905,23
3925,23
4005,23
4316,23
4356,23
4647,23
4860,23
4879,23
4888,23
5240,23
5313,23
5429,23
5530,23
5598,23
5612,23
5781,23
6118,23
6250,23
6372,23
6408,23
6524,23
6620,23
6624,23
6692,23
6709,23
6714,23
6757,23
6827,23
6839,23
6872,23
6885,23
7001,23
7030,23
7254,23
7293,23
7376,23
7538,23
7555,23
7627,23
7660,23
7755,23
7877,23
7912,23
7915,23
7955,23
7994,23
8015,23
8097,23
8113,23
8168,23
8276,23
8396,23
8433,23
8507,23
8597,23
137,24
655,24
656,24
657,24
1334,24
2457,24
2625,24
2844,24
2846,24
2902,24
3204,24
3392,24
3786,24
5147,24
141,25
276,25
304,25
306,25
435,25
674,25
710,25
770,25
839,25
1221,25
1262,25
1418,25
1658,25
1714,25
1734,25
1793,25
1877,25
1918,25
2035,25
2112,25
2386,25
2466,25
2566,25
2675,25
2693,25
2787,25
2895,25
3003,25
3092,25
3267,25
3288,25
3352,25
3355,25
3376,25
3484,25
3577,25
3642,25
3682,25
3719,25
3723,25
3824,25
3833,25
4065,25
4112,25
4170,25
4174,25
4253,25
4431,25
4491,25
4709,25
4741,25
4782,25
4850,25
4860,25
4888,25
4890,25
4941,25
4948,25
4979,25
5002,25
5035,25
5063,25
5115,25
5266,25
5311,25
5314,25
5315,25
5540,25
5552,25
5598,25
5606,25
6005,25
6083,25
6329,25
6401,25
6483,25
6553,25
6706,25
6975,25
7035,25
7251,25
7359,25
7363,25
7422,25
7578,25
7746,25
7801,25
8164,25
8186,25
8274,25
8709,25
141,26
6676,26
7693,26
8598,26
152,27
160,27
163,27
487,27
1550,27
1621,27
2060,27
2221,27
3303,27
3388,27
3448,27
3488,27
3561,27
3610,27
3648,27
3649,27
3650,27
3651,27
3652,27
3787,27
3832,27
3835,27
3876,27
3879,27
4149,27
4330,27
4331,27
4334,27
4335,27
4338,27
4339,27
4342,27
4343,27
4344,27
4346,27
4349,27
4402,27
4471,27
4500,27
4882,27
5842,27
5874,27
5875,27
5991,27
6429,27
6430,27
6453,27
6502,27
6544,27
6606,27
6615,27
6637,27
6702,27
6766,27
6772,27
6861,27
6963,27
7053,27
7154,27
7240,27
7262,27
7285,27
7304,27
7312,27
7336,27
7346,27
7348,27
7358,27
7372,27
7385,27
7391,27
7411,27
7425,27
7520,27
7545,27
7641,27
7652,27
7673,27
7677,27
7679,27
7698,27
7795,27
7861,27
7864,27
7901,27
7968,27
7998,27
8033,27
8034,27
8142,27
8143,27
8159,27
8160,27
8165,27
8204,27
8232,27
8273,27
8282,27
8304,27
8307,27
8410,27
8570,27
8585,27
8712,27
8793,27
154,28
523,28
950,28
1171,28
1665,28
1844,28
1881,28
2584,28
3578,28
4096,28
4144,28
4401,28
4473,28
5171,28
5351,28
5356,28
5770,28
6259,28
6364,28
6788,28
6822,28
6926,28
7132,28
8021,28
8491,28
8634,28
8785,28
194,29
194,29
213,30
528,30
1146,30
1161,30
1391,30
1507,30
1550,30
1619,30
1697,30
1797,30
2462,30
2707,30
2808,30
2912,30
4202,30
4263,30
4353,30
4820,30
5352,30
5761,30
5934,30
6117,30
6271,30
6353,30
6420,30
6529,30
6564,30
6944,30
6985,30
7001,30
7052,30
7113,30
7128,30
7275,30
7466,30
7556,30
7726,30
7871,30
7890,30
7935,30
8226,30
8383,30
8399,30
8400,30
8540,30
8569,30
260,31
7243,31
268,32
427,32
540,32
613,32
615,32
951,32
1913,32
2043,32
2257,32
2456,32
3727,32
3831,32
4111,32
4760,32
5070,32
5219,32
5765,32
6022,32
6234,32
6418,32
6618,32
7770,32
7771,32
7773,32
8042,32
8097,32
8185,32
8314,32
8405,32
8406,32
8428,32
8481,32
8554,32
271,33
303,33
651,33
784,33
895,33
967,33
1076,33
1189,33
1267,33
1340,33
1404,33
1533,33
1578,33
1602,33
1705,33
1716,33
1772,33
1799,33
1911,33
2051,33
2128,33
2169,33
2198,33
2231,33
2246,33
2303,33
2360,33
2364,33
2410,33
2564,33
2602,33
2680,33
2828,33
2849,33
2901,33
2985,33
3165,33
3175,33
3221,33
3244,33
3304,33
3371,33
3539,33
3543,33
3557,33
3592,33
3605,33
3733,33
3748,33
3839,33
3862,33
3903,33
3930,33
4091,33
4101,33
4181,33
4388,33
4406,33
4415,33
4436,33
4524,33
4618,33
4632,33
4677,33
4766,33
4816,33
4918,33
4924,33
4948,33
5178,33
5431,33
5455,33
5479,33
5544,33
5560,33
5589,33
5590,33
5627,33
5766,33
6049,33
6171,33
6208,33
6367,33
6489,33
6659,33
6787,33
6795,33
6820,33
7316,33
7653,33
7819,33
8109,33
8208,33
8301,33
8387,33
8618,33
8703,33
271,34
5234,34
6811,34
6812,34
6813,34
7316,34
7455,34
8300,34
8313,34
8399,34
8412,34
278,35
2403,35
2512,35
3756,35
4972,35
5223,35
5642,35
6234,35
8802,35
279,36
289,36
745,36
751,36
754,36
1233,36
1269,36
1271,36
1350,36
1524,36
1763,36
2094,36
2135,36
2330,36
2500,36
2568,36
2600,36
2661,36
2869,36
3186,36
3213,36
3266,36
3299,36
3549,36
3553,36
3580,36
3704,36
3720,36
3889,36
4407,36
4475,36
4679,36
4811,36
4884,36
4932,36
4937,36
5067,36
5077,36
5088,36
5306,36
5716,36
5826,36
6171,36
6673,36
6674,36
7259,36
7265,36
7341,36
7693,36
7711,36
8022,36
8023,36
286,37
475,37
1146,37
1821,37
2297,37
2844,37
3381,37
4356,37
4879,37
5508,37
6503,37
7540,37
7636,37
7755,37
7790,37
8015,37
8026,37
8086,37
8659,37
297,38
390,38
534,38
834,38
1080,38
2677,38
3101,38
4208,38
4255,38
4520,38
4642,38
4777,38
4827,38
5313,38
5677,38
6060,38
6350,38
6372,38
6788,38
7083,38
7219,38
7519,38
7626,38
7992,38
8116,38
8235,38
8255,38
8323,38
8404,38
8563,38
314,39
317,39
320,39
322,39
323,39
1067,39
1178,39
1287,39
1341,39
1482,39
1501,39
1588,39
1728,39
1795,39
1856,39
2092,39
2307,39
2604,39
2785,39
2990,39
3000,39
3156,39
3259,39
3264,39
3275,39
3277,39
3357,39
3566,39
3591,39
3671,39
3783,39
3843,39
3877,39
3882,39
3884,39
3898,39
3901,39
4002,39
4012,39
4119,39
4137,39
4163,39
4190,39
4197,39
4242,39
4262,39
4270,39
4272,39
4273,39
4665,39
4712,39
5251,39
5289,39
5290,39
5349,39
5355,39
5685,39
5700,39
5701,39
5704,39
5728,39
5729,39
5730,39
5731,39
5732,39
5733,39
5763,39
5764,39
5767,39
5769,39
5772,39
5778,39
5782,39
5806,39
6038,39
6157,39
6544,39
6573,39
6664,39
6825,39
6920,39
7060,39
7344,39
7469,39
7811,39
7968,39
8568,39
8722,39
8737,39
329,40
809,40
1922,40
3204,40
4540,40
4944,40
4997,40
5065,40
6110,40
6200,40
366,41
366,41
366,41
378,42
504,42
969,42
1139,42
1327,42
1347,42
1607,42
1789,42
1994,42
2199,42
2402,42
2413,42
2654,42
2914,42
2935,42
3030,42
3118,42
3121,42
3231,42
4276,42
4351,42
4473,42
4879,42
4948,42
4987,42
5224,42
6014,42
6566,42
6705,42
7123,42
7434,42
7473,42
7758,42
8255,42
8261,42
8409,42
8515,42
8701,42
8710,42
8718,42
437,43
1138,43
1570,43
1921,43
2126,43
2403,43
2404,43
2442,43
2512,43
2801,43
2878,43
4904,43
5229,43
440,44
517,44
660,44
680,44
837,44
989,44
1068,44
1264,44
1399,44
1768,44
2000,44
2276,44
2373,44
2528,44
2776,44
2843,44
2924,44
3201,44
3250,44
3282,44
3287,44
3633,44
3689,44
3690,44
3699,44
3718,44
3979,44
4052,44
4053,44
4212,44
4220,44
4252,44
4499,44
4663,44
4841,44
5478,44
6228,44
6230,44
6231,44
6336,44
6846,44
6987,44
6988,44
6997,44
7047,44
7261,44
7549,44
7644,44
7645,44
7661,44
7688,44
7695,44
7721,44
7738,44
7893,44
8014,44
8030,44
8059,44
8092,44
8114,44
8347,44
8544,44
8575,44
8580,44
8613,44
8654,44
8739,44
8778,44
8779,44
8780,44
453,45
535,45
738,45
1091,45
1137,45
1222,45
1238,45
1270,45
1324,45
1373,45
1414,45
1415,45
1434,45
1475,45
1476,45
1496,45
1497,45
1526,45
1606,45
1850,45
1851,45
1982,45
2028,45
2052,45
2118,45
2120,45
2296,45
2325,45
2392,45
2475,45
2476,45
2482,45
2532,45
2533,45
2559,45
2647,45
2648,45
2650,45
2931,45
3052,45
3071,45
3414,45
3444,45
3758,45
3949,45
3973,45
3974,45
4158,45
4160,45
4161,45
4162,45
4195,45
4196,45
4375,45
4376,45
4393,45
4501,45
4516,45
4625,45
4928,45
5443,45
6010,45
6021,45
6185,45
6269,45
6387,45
6400,45
6445,45
6689,45
6703,45
6753,45
6824,45
6829,45
6830,45
6853,45
6938,45
7353,45
7446,45
8025,45
8050,45
8132,45
8266,45
8281,45
8318,45
8375,45
8404,45
8473,45
8510,45
8726,45
8798,45
458,46
530,46
860,46
992,46
1138,46
1202,46
1230,46
1512,46
1571,46
1659,46
1663,46
1738,46
1847,46
1971,46
2029,46
2111,46
2248,46
2355,46
2362,46
2366,46
2367,46
2368,46
2369,46
2370,46
2374,46
2376,46
2377,46
2419,46
2430,46
2434,46
2435,46
2436,46
2438,46
2439,46
2440,46
2443,46
2444,46
2461,46
2488,46
2491,46
2492,46
2493,46
2502,46
2503,46
2504,46
2505,46
2506,46
2507,46
2510,46
2511,46
2513,46
2615,46
2624,46
2631,46
2634,46
2636,46
2637,46
2638,46
2639,46
3160,46
4023,46
4024,46
4027,46
4028,46
4031,46
4126,46
4127,46
4131,46
4904,46
4985,46
5936,46
6012,46
6078,46
6109,46
6132,46
6156,46
6159,46
6173,46
6184,46
6270,46
6291,46
6597,46
6741,46
6769,46
6801,46
6808,46
6878,46
6915,46
7107,46
7310,46
7352,46
7426,46
7488,46
7523,46
7535,46
7651,46
7837,46
7850,46
7886,46
7925,46
7928,46
7948,46
8089,46
8154,46
8193,46
8241,46
8245,46
8256,46
8461,46
8486,46
8529,46
8551,46
8664,46
8667,46
8699,46
8775,46
8795,46
458,47
734,47
744,47
838,47
1118,47
1479,47
1760,47
1761,47
1833,47
2065,47
2125,47
2163,47
2745,47
3068,47
3126,47
3543,47
3811,47
3895,47
4105,47
4333,47
4400,47
4948,47
5272,47
5465,47
5783,47
5957,47
6014,47
6034,47
6308,47
6350,47
6388,47
6592,47
6624,47
6855,47
6880,47
6964,47
7224,47
7226,47
7289,47
7291,47
7631,47
7632,47
7668,47
8120,47
8360,47
8404,47
8426,47
8497,47
490,48
1579,48
2483,48
2517,48
2539,48
2557,48
3855,48
4904,48
509,49
544,49
756,49
879,49
1110,49
1505,49
1528,49
1833,49
1850,49
2062,49
2512,49
2745,49
2805,49
2964,49
3011,49
3067,49
3411,49
3466,49
3627,49
3776,49
4006,49
4333,49
4362,49
4650,49
4972,49
5223,49
5395,49
5419,49
5678,49
5777,49
5852,49
6034,49
6051,49
6171,49
6202,49
6357,49
6388,49
6575,49
6624,49
6681,49
7017,49
7094,49
7196,49
7519,49
7785,49
8105,49
8383,49
8399,49
8404,49
8747,49
532,50
1520,50
1522,50
1523,50
1903,50
2387,50
3000,50
3385,50
3610,50
3761,50
3874,50
3942,50
3952,50
4014,50
4148,50
4337,50
4414,50
4527,50
5140,50
5221,50
6484,50
6933,50
7217,50
7474,50
7724,50
7853,50
570,51
743,51
2058,51
6318,51
6528,51
6817,51
7115,51
611,52
1406,52
1436,52
2774,52
2781,52
3204,52
3348,52
5051,52
5683,52
5934,52
7206,52
618,53
769,53
1326,53
1741,53
1833,53
2720,53
2803,53
3083,53
3543,53
3670,53
3739,53
3858,53
3941,53
4213,53
4333,53
4364,53
4950,53
4984,53
4998,53
5371,53
5518,53
6115,53
6202,53
6234,53
6350,53
6446,53
6600,53
6837,53
6880,53
7224,53
7226,53
7442,53
7519,53
7632,53
7668,53
7966,53
8120,53
8141,53
8321,53
8430,53
8497,53
8675,53
636,54
695,54
742,54
840,54
1048,54
1118,54
1555,54
1720,54
1818,54
1819,54
1820,54
1821,54
1822,54
1824,54
1825,54
1826,54
1827,54
1828,54
1830,54
1831,54
1832,54
2375,54
2403,54
2521,54
3608,54
3856,54
3950,54
4636,54
4904,54
5639,54
7165,54
695,55
840,55
4904,55
699,56
738,56
774,56
1031,56
1361,56
1494,56
1498,56
1527,56
1530,56
1535,56
1566,56
1567,56
1568,56
1569,56
1599,56
1603,56
1630,56
1631,56
1645,56
1648,56
1678,56
1683,56
1708,56
1710,56
1733,56
1736,56
1785,56
1808,56
1810,56
2050,56
2061,56
2095,56
2334,56
2372,56
2683,56
2701,56
2913,56
3192,56
3573,56
3619,56
3639,56
3814,56
3991,56
3992,56
3993,56
3994,56
3995,56
4018,56
4019,56
4020,56
4021,56
4022,56
4039,56
4040,56
4041,56
4042,56
4047,56
4048,56
4069,56
4070,56
4071,56
4072,56
4074,56
4075,56
4076,56
4077,56
4078,56
4079,56
4165,56
4199,56
4298,56
4398,56
4469,56
4934,56
4970,56
6234,56
6422,56
6856,56
7195,56
8226,56
8445,56
8556,56
8790,56
700,57
1550,57
1605,57
2060,57
2825,57
4213,57
4523,57
5723,57
5966,57
5976,57
6354,57
742,58
746,58
771,58
821,58
1821,58
1825,58
2403,58
2442,58
2449,58
2456,58
2458,58
2464,58
2465,58
2512,58
2534,58
2542,58
2556,58
3546,58
3956,58
4003,58
4032,58
4978,58
5082,58
5147,58
5189,58
6047,58
6211,58
6765,58
6773,58
6945,58
7636,58
7682,58
8011,58
8353,58
8532,58
8739,58
8802,58
838,59
1446,59
1517,59
1773,59
1807,59
1830,59
2192,59
2219,59
2819,59
2934,59
3083,59
3227,59
4333,59
4523,59
4998,59
5249,59
5923,59
5966,59
6436,59
6600,59
6654,59
6721,59
7224,59
7226,59
7380,59
7466,59
7594,59
8317,59
8321,59
8404,59
840,60
1118,60
1229,60
4970,60
5639,60
5642,60
5715,60
7012,60
7165,60
8164,60
883,61
3112,61
888,62
1721,62
2784,62
3026,62
3798,62
4051,62
4670,62
5634,62
5726,62
6171,62
8271,62
8775,62
1100,63
1118,64
1124,65
1293,65
2162,65
2675,65
3003,65
3092,65
3206,65
3762,65
3996,65
4253,65
5314,65
6234,65
7888,65
8195,65
1193,66
1193,66
5926,66
5926,66
1210,67
1666,67
1837,67
1931,67
2947,67
8457,67
1262,68
1267,68
2323,68
2345,68
2486,68
2709,68
3263,68
3550,68
3833,68
4809,68
4831,68
5003,68
5280,68
5362,68
5606,68
5771,68
6099,68
6197,68
6220,68
6246,68
6653,68
6904,68
7143,68
7219,68
7363,68
7375,68
7578,68
7592,68
8274,68
1321,69
1797,69
1998,69
3392,69
3767,69
4785,69
6143,69
6517,69
7099,69
8226,69
8255,69
1334,70
4885,70
5271,70
5342,70
7453,70
1338,71
3125,71
4211,71
6473,71
1367,72
1387,72
3543,72
4474,72
5578,72
7758,72
1425,73
4493,73
1488,74
3208,74
7067,74
1489,75
2366,75
1609,76
1904,76
3092,76
4473,76
7064,76
8485,76
8789,76
1625,77
2416,77
2904,77
1928,78
8633,78
2088,79
2192,80
3704,80
4487,80
4828,80
4831,80
5313,80
5699,80
7363,80
8027,80
8729,80
2197,81
2225,82
2225,82
2225,82
2225,82
2225,82
2239,83
2447,84
6592,84
8633,84
2661,85
2831,86
3537,86
3956,86
4152,86
4187,86
4192,86
4329,86
4616,86
6026,86
6224,86
6403,86
6442,86
6485,86
6654,86
6981,86
7025,86
7120,86
7183,86
7510,86
7834,86
7919,86
8687,86
8762,86
8801,86
2911,87
3206,88
7984,88
4051,89
7669,89
4063,90
4065,91
4227,92
6855,92
7012,92
8789,92
4419,93
5642,93
6057,93
6294,93
4551,94
5613,94
7434,94
7994,94
8746,94
4654,95
4654,95
4879,96
5044,97
5144,97
5080,98
5132,98
5310,98
5261,99
6692,99
7677,99
7812,99
8327,99
8328,99
5487,100
5894,101
7985,101
8511,101
5931,102
5931,103
6234,104
6234,105
6428,106
6443,107
6600,108
6620,109
6792,110
6800,111
7008,112
7008,112
7012,113
8485,113
8789,113
7062,114
7342,115
7386,116
7557,117
7755,118
8074,119
8163,120
8287,121
8383,122
8457,123
8457,124
8478,125
8703,126
8746,127
8789,128
